code,brand,fund_id,name
0000D0,TIGER,0000D0,TIGER 엔비디아미국채커버드콜밸런스(합성)
0000H0,KODEX,0000H0,KODEX 인도Nifty미드캡100
0000J0,PLUS,006380,PLUS 한화그룹주
0000Z0,RISE,44I0,RISE 바이오TOP10액티브
0005A0,KODEX,0005A0,KODEX 미국S&P500데일리커버드콜OTM
0005C0,RISE,44H9,RISE 미국S&P500엔화노출
0005D0,SOL,211079,SOL 전고체배터리&실리콘음극재
0007F0,KODEX,0007F0,KODEX 27-12 회사채(AA-이상)액티브
0007G0,PLUS,006379,PLUS 글로벌원자력밸류체인
0008E0,ACE,K55101EH5038,ACE 미국중심중소형제조업
0008S0,TIGER,0008S0,TIGER 미국배당다우존스타겟데일리커버드콜
0008T0,SOL,211080,SOL 화장품TOP3플러스
0013P0,RISE,44I2,RISE 미국은행TOP10
0013R0,RISE,44I1,RISE 테슬라미국채타겟커버드콜혼합(합성)
0015K0,TIGER,0015K0,TIGER 미국소비트렌드액티브
0016X0,SOL,211082,SOL 중단기회사채(A-이상)액티브
0018C0,PLUS,006382,PLUS 고배당주위클리고정커버드콜
0018Z0,RISE,44I3,RISE 미국양자컴퓨팅
0019K0,TIME,10,미국나스닥100채권혼합50액티브
0022T0,SOL,211077,SOL 국제금커버드콜액티브
0023A0,SOL,211084,SOL 미국양자컴퓨팅TOP10
0023B0,PLUS,006383,PLUS 미국양자컴퓨팅TOP10
0025N0,TIGER,0025N0,TIGER TDF2045 적격
0026E0,KODEX,0026E0,KODEX 미국S&P500 버퍼 3월 액티브
0028X0,KODEX,0028X0,KODEX 미국금융테크액티브
0035T0,PLUS,006384,PLUS 글로벌휴머노이드로봇액티브
0036R0,RISE,44I5,RISE 미국휴머노이드로봇
0036Z0,RISE,44I4,RISE 미국천연가스밸류체인
0038A0,KODEX,0038A0,KODEX 미국휴머노이드로봇
0040X0,SOL,211089,SOL 팔란티어미국채커버드콜혼합
0040Y0,SOL,211088,SOL 팔란티어커버드콜OTM채권혼합
0041D0,KODEX,0041D0,KODEX 미국AI소프트웨어TOP10
0041E0,KODEX,0041E0,KODEX 미국S&P500액티브
0043B0,TIGER,0043B0,TIGER 머니마켓액티브
0043Y0,TIME,19,TIME 차이나AI테크액티브
0046A0,TIGER,0046A0,TIGER 미국초단기(3개월이하)국채
0046Y0,ACE,K55101EK7278,ACE 미국배당퀄리티
0047A0,TIGER,0047A0,TIGER 차이나테크TOP10
0047N0,PLUS,006386,PLUS 차이나AI테크TOP10
0047P0,RISE,44I6,RISE 테슬라고정테크100
0047R0,RISE,44I7,RISE 팔란티어고정테크100
0048J0,KODEX,0048J0,KODEX 미국머니마켓액티브
0048K0,KODEX,0048K0,KODEX 차이나휴머노이드로봇
0049K0,ACE,K55101EK7294,ACE 미국배당퀄리티채권혼합50
0049M0,ACE,K55101EK7344,ACE 미국배당퀄리티+커버드콜액티브
0050E0,PLUS,006385,PLUS 미국AI에이전트
0051G0,SOL,211091,SOL 미국원자력SMR
0052D0,TIGER,0052D0,TIGER 코리아배당다우존스
0053L0,TIGER,0053L0,TIGER 차이나휴머노이드로봇
0057H0,PLUS,006387,PLUS 미국S&P500미국채혼합50액티브
0060H0,TIGER,0060H0,TIGER 토탈월드스탁액티브
0061Z0,RISE,44I8,RISE 단기특수은행채액티브
0065G0,KODEX,0065G0,KODEX 차이나테크TOP10
0066W0,SOL,211092,SOL 국제금
0067V0,TIGER,0067V0,TIGER 차이나글로벌리더스TOP3+
0067Y0,TIGER,0067Y0,TIGER 차이나AI소프트웨어
0068M0,KODEX,0068M0,KODEX 미국S&P500 버퍼 6월 액티브
0072R0,TIGER,0072R0,TIGER KRX금현물
0078V0,PLUS,006388,PLUS 미국로보택시
0079X0,ACE,K55101EJ7669,ACE BYD밸류체인액티브
0080G0,KODEX,0080G0,KODEX 방산TOP10
0080X0,SOL,211093,SOL 미국S&P500미국채혼합50
0080Y0,SOL,211094,SOL 조선TOP3플러스레버리지
0082V0,KODEX,0082V0,KODEX TDF2060 액티브 적격
0085N0,ACE,K55101EL9174,ACE 미국10년국채액티브(H)
0085P0,ACE,K55101EL9166,ACE 미국10년국채액티브
0086B0,TIGER,0086B0,TIGER 리츠부동산인프라TOP10액티브
0086C0,TIGER,0086C0,TIGER 리츠부동산인프라10채권혼합액티브
0087F0,ACE,K55101EM0842,ACE 차이나AI빅테크TOP2+액티브
0089B0,PLUS,006389,PLUS 미국나스닥100미국채혼합50
0089C0,KODEX,0089C0,KODEX 미국S&P500변동성확대시커버드콜
0089D0,KODEX,0089D0,KODEX 금융고배당TOP10
0090B0,PLUS,006390,PLUS K방산소부장
0091C0,KODEX,0091C0,KODEX 미국10년국채액티브(H)
0091P0,TIGER,0091P0,TIGER 코리아원자력
0092B0,SOL,211096,SOL 한국원자력SMR
0092C0,SOL,211095,SOL 27-12회사채(AA-이상)액티브
0093A0,RISE,44J0,RISE AI반도체TOP10
0093B0,RISE,44I9,RISE 엔비디아고정테크100
0094L0,RISE,44J1,RISE 차이나테크TOP10위클리타겟커버드콜
0094M0,RISE,44J2,RISE 코리아밸류업위클리고정커버드콜
0098F0,KODEX,0098F0,KODEX 원자력SMR
0098N0,PLUS,006392,PLUS 자사주매입고배당주
0099L0,ACE,K55101EN6525,ACE 우량회사채(AA-이상)액티브
0101N0,RISE,44J3,RISE AI전력인프라
0102A0,TIGER,0102A0,TIGER 미국AI소프트웨어TOP4Plus
0102X0,ACE,K55101EN6293,ACE 유럽방산TOP10
0104G0,PLUS,006393,PLUS K방산레버리지
0104N0,TIGER,0104N0,TIGER 200타겟위클리커버드콜
0104P0,TIGER,0104P0,TIGER 코리아배당다우존스위클리커버드콜
0105D0,SOL,211098,SOL 한국AI소프트웨어
0105E0,SOL,211097,SOL 코리아고배당
0114X0,RISE,44J5,RISE 글로벌게임테크TOP3Plus
0115C0,RISE,44J6,RISE 미국고배당다우존스TOP10
0115D0,KODEX,0115D0,KODEX 조선TOP10
0115E0,KODEX,0115E0,KODEX 코리아소버린AI
0117L0,KODEX,0117L0,KODEX 26-12 금융채(AA-이상)액티브
0117V0,TIGER,0117V0,TIGER 코리아AI전력기기TOP3플러스
0118S0,SOL,211099,SOL 미국넥스트테크TOP10액티브
0118Z0,ACE,K55101EO4453,ACE 미국AI테크핵심산업액티브
0119H0,KODEX,0119H0,KODEX 28-12 회사채(AA-이상)액티브
0122W0,RISE,44J4,RISE 26-11 회사채(AA-이상)액티브
0123G0,TIGER,0123G0,TIGER 미국AI전력SMR
0127M0,ACE,K55101EP9626,ACE 미국대형가치주액티브
0127P0,ACE,K55101EP9634,ACE 미국대형성장주액티브
0127R0,RISE,44J7,RISE 미국AI클라우드인프라
0128D0,PLUS,006394,PLUS 차이나항셍테크위클리타겟커버드콜
0131A0,SOL,211100,SOL 차이나소비트렌드
0132H0,KODEX,0132H0,KODEX 미국원자력SMR
0132K0,PLUS,006395,PLUS 테슬라위클리커버드콜채권혼합
0138D0,RISE,44J8,RISE 동학개미
0138T0,RISE,44J9,RISE 미국S&P500데일리고정커버드콜
0138Y0,PLUS,006396,PLUS 금채권혼합
0139P0,ACE,K55101EQ7660,ACE 고배당주
0141S0,SOL,211101,SOL 조선기자재
0141T0,SOL,211102,SOL 중기종합채권(AA-이상)액티브
0142D0,TIGER,0142D0,TIGER 미국AI데이터센터TOP4Plus
0144L0,KODEX,0144L0,KODEX 미국성장커버드콜액티브
0144M0,KODEX,0144M0,KODEX 미국드론UAM TOP10
0151P0,RISE,44K0,RISE 코리아전략산업액티브
0151S0,KODEX,0151S0,KODEX 미국AI반도체TOP3플러스
0152E0,SOL,211104,SOL 배당성향탑픽액티브
0153K0,KODEX,0153K0,KODEX 주주환원고배당주
0153P0,ACE,K55101EP9774,ACE 리츠부동산인프라액티브
0153X0,PLUS,006397,PLUS 미국고배당주액티브
0155M0,ACE,K55101ER4245,ACE 미국SMR원자력TOP10
0162L0,KODEX,0162L0,KODEX 차이나AI반도체TOP10
0162Z0,RISE,44K1,RISE 삼성전자SK하이닉스채권혼합50
0164G0,RISE,44K2,RISE 차이나AI반도체TOP4Plus
0166N0,PLUS,006399,PLUS 코스닥150액티브
0166S0,PLUS,006400,PLUS K제조업핵심기업액티브
0166T0,PLUS,006398,PLUS 글로벌저작권핵심기업액티브
0167A0,SOL,211106,SOL AI반도체TOP2플러스
0167B0,SOL,211107,SOL 200타겟위클리커버드콜
0167Z0,KODEX,0167Z0,KODEX 미국우주항공
0172Y0,ACE,K55101ES8039,ACE K수출핵심TOP10산업액티브
0173Y0,KODEX,0173Y0,KODEX 미국AI광통신네트워크
0176E0,RISE,44K3,RISE 미국AI전력인프라액티브
0177N0,KODEX,0177N0,KODEX 삼성전자SK하이닉스채권혼합50
0177R0,TIGER,0177R0,TIGER 반도체TOP10커버드콜액티브
0177X0,ACE,K55101EU0214,ACE K휴머노이드로봇산업TOP2+
0180V0,ACE,K55101ET7451,ACE 미국우주테크액티브
0181L0,SOL,211110,SOL 미국우주항공TOP10
0184L0,PLUS,006402,PLUS 중기종합채권(A-이상)액티브
0184N0,PLUS,006403,PLUS 은채권혼합
0190C0,RISE,44K4,RISE 현대차고정피지컬AI
0190G0,KODEX,0190G0,KODEX 반도체타겟위클리커버드콜
0190Y0,TIGER,0190Y0,TIGER 구글밸류체인
0192L0,RISE,44K6,RISE SK하이닉스단일종목레버리지
0192M0,RISE,44K5,RISE 삼성전자단일종목레버리지
0192S0,SOL,211111,SOL 코스피200채권혼합50 ETF
0192T0,SOL,211112,SOL 코스닥TOP10
0193K0,PLUS,006405,PLUS 삼성전자단일종목레버리지
0193L0,PLUS,006406,PLUS 삼성전자선물단일종목인버스2X
0194M0,ACE,K55101EV7093,ACE 삼성전자단일종목레버리지
0194T0,ACE,K55101EV7101,ACE SK하이닉스단일종목레버리지
0197W0,SOL,211113,SOL SK하이닉스단일종목레버리지
0197X0,SOL,211114,SOL SK하이닉스선물단일종목인버스2X
0199C0,ACE,K55101EV6285,ACE 고배당주Plus커버드콜액티브
0203D0,PLUS,006404,PLUS 200위클리커버드콜채권혼합
0207G0,SOL,211116,SOL 우주항공밸류체인
0209Z0,ACE,K55101EU2731,ACE 코리아AI전력TOP10
0210A0,ACE,K55101EW2275,ACE K반도체TOP2+
0210E0,PLUS,006407,PLUS 200커버드콜액티브
0216Z0,ACE,K55101EW2283,ACE K방산TOP5+
0218J0,RISE,44K7,RISE 미국우주&로봇TOP2미국채혼합50
0219E0,KODEX,0219E0,KODEX 200커버드콜액티브
0221Z0,ACE,K55101EW2317,ACE K바이오코스닥액티브
0223A0,RISE,44K8,RISE 코스닥커버드콜액티브
0226A0,PLUS,006408,PLUS SK하이닉스샌디스크채권혼합50
0227K0,RISE,44K9,RISE 미국우주위성통신
0228G0,ACE,K55101EY1762,ACE 반도체Plus전략산업
0233A0,ACE,K55101EY7603,ACE 삼성전자SK하이닉스플러스채권혼합50
0233N0,RISE,44L0,RISE 글로벌AI낸드메모리반도체
0239Y0,PLUS,006409,PLUS 코리아HBM반도체
0239Z0,PLUS,006410,PLUS AI반도체소부장액티브
069500,KODEX,069500,KODEX 200
091160,KODEX,091160,KODEX 반도체
091170,KODEX,091170,KODEX 은행
091180,KODEX,091180,KODEX 자동차
091220,TIGER,091220,TIGER 은행
091230,TIGER,091230,TIGER 반도체
099140,KODEX,099140,KODEX 차이나H
101280,KODEX,101280,KODEX 일본TOPIX 100
102110,TIGER,102110,TIGER 200
102780,KODEX,102780,KODEX 삼성그룹
102960,KODEX,102960,KODEX 기계장비
102970,KODEX,102970,KODEX 증권
105010,TIGER,105010,TIGER 라틴35
105190,ACE,KR5101877748,ACE 200
105780,RISE,4413,RISE 5대그룹주
108450,ACE,KR5101897761,ACE 삼성그룹섹터가중
114100,RISE,4427,RISE 국고채3년
114260,KODEX,114260,KODEX 국고채3년
114460,ACE,KR5101148215,ACE 국고채3년
114820,TIGER,114820,TIGER 국채3년
117460,KODEX,117460,KODEX 에너지화학
117680,KODEX,117680,KODEX 철강
117690,TIGER,117690,TIGER 차이나항셍30
117700,KODEX,117700,KODEX 건설
122090,PLUS,006181,PLUS 코스피50
123320,TIGER,123320,TIGER 레버리지
130680,TIGER,130680,TIGER 원유선물Enhanced(H)
131890,ACE,KR5101299273,ACE 삼성그룹동일가중
132030,KODEX,132030,KODEX 골드선물(H)
133690,TIGER,133690,TIGER 미국나스닥100
136340,RISE,4432,RISE 중기우량회사채
137610,TIGER,137610,TIGER 농산물선물Enhanced(H)
138520,TIGER,138520,TIGER 삼성그룹
138530,TIGER,138530,TIGER LG그룹플러스
138540,TIGER,138540,TIGER 현대차그룹플러스
138920,KODEX,138920,KODEX 콩선물(H)
139220,TIGER,139220,TIGER 200 건설
139230,TIGER,139230,TIGER 200 중공업
139240,TIGER,139240,TIGER 200 철강소재
139250,TIGER,139250,TIGER 200 에너지화학
139260,TIGER,139260,TIGER 200 IT
139270,TIGER,139270,TIGER 200 금융
139280,TIGER,139280,TIGER 경기방어
139290,TIGER,139290,TIGER 200 경기소비재
139320,TIGER,139320,TIGER 금은선물(H)
140570,RISE,4433,RISE 수출주
140580,RISE,4434,RISE 우량업종대표주
140700,KODEX,140700,KODEX 보험
140710,KODEX,140710,KODEX 운송
143850,TIGER,143850,TIGER 미국S&P500 선물(H)
143860,TIGER,143860,TIGER 헬스케어
144600,KODEX,144600,KODEX 은선물(H)
145670,ACE,KR5101A59767,ACE 인버스
147970,TIGER,147970,TIGER 모멘텀
148020,RISE,4435,RISE 200
150460,TIGER,150460,TIGER 중국소비테마
152100,PLUS,006184,PLUS 200
152380,KODEX,152380,KODEX 국채선물10년
152500,ACE,KR5101A62068,ACE 레버리지
153130,KODEX,153130,KODEX 단기채권
156080,KODEX,156080,KODEX MSCI KOREA
157450,TIGER,157450,TIGER 단기통안채
157490,TIGER,157490,TIGER 소프트웨어
157500,TIGER,157500,TIGER 증권
160580,TIGER,160580,TIGER 구리실물
161510,PLUS,006273,PLUS 고배당주
166400,TIGER,166400,TIGER 200 커버드콜OTM
168580,ACE,KR5101AD5756,ACE 중국본토CSI300
169950,KODEX,169950,KODEX 차이나A50
174350,TIGER,174350,TIGER 로우볼
174360,RISE,4437,RISE 중국본토대형주CSI100
176950,KODEX,176950,KODEX 국채선물10년 인버스
181480,ACE,KR5101AJ9786,ACE 미국부동산리츠(합성 H)
182480,TIGER,182480,TIGER 미국MSCI리츠(합성 H)
182490,TIGER,182490,TIGER 단기선진하이일드(합성 H)
183700,RISE,4440,RISE 채권혼합
183710,RISE,4439,RISE 주식혼합
189400,PLUS,006281,PLUS 글로벌MSCI(합성 H)
190620,ACE,KR5101AN3254,ACE 단기통안채
192090,TIGER,192090,TIGER 차이나CSI300
195920,TIGER,195920,TIGER 일본TOPIX (합성 H)
195930,TIGER,195930,TIGER 유로스탁스50 (합성 H)
195970,PLUS,006284,PLUS 선진국MSCI(합성 H)
195980,PLUS,006285,PLUS 신흥국MSCI(합성 H)
196030,ACE,KR5101AR9802,ACE 일본TOPIX레버리지(H)
196230,RISE,4441,RISE 단기통안채
203780,TIGER,203780,TIGER 미국나스닥바이오
204480,TIGER,204480,TIGER 차이나CSI300 레버리지(합성)
205720,ACE,KR5101AV1027,ACE 일본TOPIX인버스(합성 H)
210780,TIGER,210780,TIGER 코스피고배당
211560,TIGER,211560,TIGER 배당성장
211900,KODEX,211900,KODEX 코리아배당성장
213610,KODEX,213610,KODEX 삼성그룹밸류
213630,PLUS,006287,PLUS 미국다우존스고배당주(합성 H)
214980,KODEX,214980,KODEX 단기채권PLUS
217770,TIGER,217770,TIGER 원유선물인버스(H)
217780,TIGER,217780,TIGER 차이나CSI300 인버스(합성)
219390,RISE,4443,RISE 미국S&P원유생산기업(합성 H)
219480,KODEX,219480,KODEX 미국S&P500선물(H)
219900,ACE,K55101B26297,ACE 중국본토CSI300레버리지(합성)
220130,SOL,210367,SOL 차이나강소기업CSI500(합성H)
223190,KODEX,223190,KODEX 200 가치저변동
225030,TIGER,225030,TIGER 미국S&P500 선물인버스(H)
225040,TIGER,225040,TIGER 미국S&P500 레버리지(합성 H)
225050,TIGER,225050,TIGER 유로스탁스50 레버리지(합성H)
225060,TIGER,225060,TIGER 이머징마켓MSCI 레버리지(합성H)
225130,ACE,K55101B44423,ACE 골드선물 레버리지(합성 H)
226380,ACE,K55101B54539,ACE Fn성장소비주도주
226490,KODEX,226490,KODEX 코스피
226980,KODEX,226980,KODEX 200중소형
227540,TIGER,227540,TIGER 200 헬스케어
227550,TIGER,227550,TIGER 200 산업재
227560,TIGER,227560,TIGER 200 생활소비재
227570,TIGER,227570,TIGER 우량가치
227830,PLUS,006292,PLUS 코스피
228790,TIGER,228790,TIGER 화장품
228800,TIGER,228800,TIGER 여행레저
228810,TIGER,228810,TIGER 미디어컨텐츠
228820,TIGER,228820,TIGER KTOP30
229200,KODEX,229200,KODEX 코스닥 150
229720,KODEX,229720,KODEX KTOP 30
232080,TIGER,232080,TIGER 코스닥150
233160,TIGER,233160,TIGER 코스닥150 레버리지
234310,RISE,4444,RISE V&S셀렉트밸류
236350,TIGER,236350,TIGER 인도니프티50 레버리지(합성)
237350,KODEX,237350,KODEX 코스피100
237370,KODEX,237370,KODEX 코리아배당성장채권혼합
237440,TIGER,237440,TIGER 경기방어채권혼합
238670,PLUS,006294,PLUS 스마트베타Quality채권혼합
238720,ACE,K55101BA8230,ACE 일본Nikkei225(H)
239660,PLUS,006295,PLUS 우량회사채50
241180,TIGER,241180,TIGER 일본니케이225
241390,RISE,4445,RISE V&S셀렉트밸류채권혼합
243880,TIGER,243880,TIGER 200 IT레버리지
243890,TIGER,243890,TIGER 200 에너지화학레버리지
244580,KODEX,244580,KODEX 바이오
244620,KODEX,244620,KODEX 모멘텀PLUS
244660,KODEX,244660,KODEX 퀄리티PLUS
244670,KODEX,244670,KODEX 밸류PLUS
245340,TIGER,245340,TIGER 미국다우존스30
245350,TIGER,245350,TIGER 유로스탁스배당30
245360,TIGER,245360,TIGER 차이나HSCEI
245710,ACE,K55101BE0852,ACE 베트남VN30(합성)
248270,TIGER,248270,TIGER S&P 글로벌헬스케어(합성)
250730,RISE,4446,RISE 차이나HSCEI(H)
251350,KODEX,251350,KODEX MSCI선진국
251590,PLUS,006297,PLUS 고배당저변동50
251600,PLUS,006298,PLUS 고배당주채권혼합
252000,TIGER,252000,TIGER 200 동일가중
252400,RISE,4447,RISE 200선물레버리지
252410,RISE,4448,RISE 200선물인버스
252420,RISE,4449,RISE 200선물인버스2X
252650,KODEX,252650,KODEX 200 동일가중
253150,PLUS,006300,PLUS 200선물레버리지
253160,PLUS,006299,PLUS 200선물인버스2X
253280,RISE,4450,RISE 헬스케어
253290,RISE,4451,RISE 헬스케어채권혼합
256440,ACE,K55101BI4108,ACE MSCI인도네시아(합성)
256450,PLUS,006302,PLUS 심천차이넥스트(합성)
261060,TIGER,261060,TIGER 코스닥150 IT
261070,TIGER,261070,TIGER 코스닥150 바이오테크
261110,TIGER,261110,TIGER 미국달러선물레버리지
261120,TIGER,261120,TIGER 미국달러선물인버스2X
261140,TIGER,261140,TIGER 우선주
261240,KODEX,261240,KODEX 미국달러선물
261250,KODEX,261250,KODEX 미국달러선물 레버리지
261920,ACE,K55101BJ5096,ACE MSCI필리핀(합성)
265690,ACE,K55101BM2890,ACE 러시아MSCI(합성)
266160,RISE,4454,RISE 고배당
266360,KODEX,266360,KODEX K콘텐츠
266370,KODEX,266370,KODEX IT
266390,KODEX,266390,KODEX 경기소비재
266410,KODEX,266410,KODEX 필수소비재
266420,KODEX,266420,KODEX 헬스케어
266550,PLUS,006304,PLUS 중형주저변동50
267440,RISE,4455,RISE 미국장기국채선물(H)
267450,RISE,4456,RISE 미국장기국채선물인버스(H)
267490,RISE,4457,RISE 미국장기국채선물레버리지(합성 H)
267770,TIGER,267770,TIGER 200 선물레버리지
269370,TIGER,269370,TIGER S&P글로벌인프라(합성)
269420,KODEX,269420,KODEX S&P글로벌인프라(합성)
269530,PLUS,006305,PLUS S&P글로벌인프라
269540,PLUS,006306,PLUS 미국S&P500(H)
270800,RISE,4462,RISE KQ고배당
270810,RISE,4459,RISE 코스닥150
272560,RISE,4460,RISE 단기국공채액티브
272570,RISE,4461,RISE 중장기국공채액티브
272580,TIGER,272580,TIGER 단기채권액티브
272910,ACE,K55101BQ9602,ACE 중장기국공채액티브
273130,KODEX,273130,KODEX 종합채권(AA-이상) 액티브
273140,KODEX,273140,KODEX 단기변동금리부채권 액티브
275280,KODEX,275280,KODEX 모멘텀주
275290,KODEX,275290,KODEX 가치주
275300,KODEX,275300,KODEX 우량주
275750,RISE,4463,RISE 코스닥150선물인버스
275980,TIGER,275980,TIGER 글로벌4차산업혁신기술(합성 H)
276000,TIGER,276000,TIGER 글로벌자원생산기업(합성 H)
276650,RISE,4464,RISE 글로벌 테크놀로지(합성H)
276970,KODEX,276970,KODEX 미국S&P500배당귀족커버드콜(합성 H)
277540,ACE,K55101BU2759,ACE 아시아TOP50
277630,TIGER,277630,TIGER 코스피
277640,TIGER,277640,TIGER 코스피대형주
277650,TIGER,277650,TIGER 코스피중형주
278240,RISE,4465,RISE 코스닥150선물레버리지
278620,PLUS,006308,PLUS 단기채권액티브
279530,KODEX,279530,KODEX 고배당주
279540,KODEX,279540,KODEX 최소변동성
280320,ACE,K55101BW5925,ACE 미국IT인터넷(합성 H)
280920,PLUS,006309,PLUS 주도업종
280930,KODEX,280930,KODEX 미국러셀2000(H)
281990,RISE,4466,RISE 중소형고배당
282000,RISE,4467,RISE 국고채3년선물인버스
283580,KODEX,283580,KODEX 차이나CSI300
284430,KODEX,284430,KODEX 200미국채혼합50
284980,RISE,4470,RISE 200금융
287180,PLUS,006310,PLUS 미국나스닥테크
289040,KODEX,289040,KODEX MSCI KOREA ESG유니버설
289250,TIGER,289250,TIGER MSCI KOREA ESG 유니버설
289260,TIGER,289260,TIGER MSCI KOREA ESG 리더스
289480,TIGER,289480,TIGER 200 커버드콜
289670,PLUS,006314,PLUS 국채선물10년
290080,RISE,4478,RISE 200고배당커버드콜ATM
290130,RISE,4479,RISE ESG사회책임투자
291130,ACE,K55101C31949,ACE MSCI멕시코(합성)
291680,RISE,4480,RISE 차이나H선물인버스(H)
291890,KODEX,291890,KODEX MSCI EM선물(H)
292050,RISE,4481,RISE KRX300
292150,TIGER,292150,TIGER 코리아TOP10
292160,TIGER,292160,TIGER KRX300
292190,KODEX,292190,KODEX KRX300
292500,SOL,210728,SOL KRX300
292560,TIGER,292560,TIGER 일본엔선물
292770,KODEX,292770,KODEX 국채선물3년 인버스
295000,RISE,4482,RISE 국채선물10년
295020,RISE,4483,RISE 국채선물10년인버스
295040,SOL,210734,SOL 200TR
298340,PLUS,006317,PLUS 국채선물3년
298770,KODEX,298770,KODEX 한국대만IT프리미어
300610,TIGER,300610,TIGER K게임
300640,RISE,4488,RISE 게임테마
300950,KODEX,300950,KODEX 게임산업
301400,PLUS,006318,PLUS 코스닥150
302190,TIGER,302190,TIGER 중장기국채
302450,RISE,4489,RISE 코스피
304670,KODEX,304670,KODEX 미국30년국채울트라선물인버스(H)
304940,KODEX,304940,KODEX 미국나스닥100선물(H)
305050,ACE,K55101CC3048,ACE 코스피
305080,TIGER,305080,TIGER 미국채10년선물
305540,TIGER,305540,TIGER 2차전지테마
305720,KODEX,305720,KODEX 2차전지산업
307510,TIGER,307510,TIGER 의료기기
307520,TIGER,307520,TIGER 지주회사
308620,KODEX,308620,KODEX 미국10년국채선물
309230,ACE,K55101CF3110,ACE 미국WideMoat동일가중
310080,RISE,4492,RISE 중국MSCI China(H)
314250,KODEX,314250,KODEX 미국빅테크10(H)
315270,TIGER,315270,TIGER 200 커뮤니케이션서비스
315960,RISE,4494,RISE 대형고배당10TR
316300,ACE,K55101CG5254,ACE 싱가포르리츠
319640,TIGER,319640,TIGER 골드선물(H)
321410,KODEX,321410,KODEX 멀티에셋하이인컴(H)
325010,KODEX,325010,KODEX 성장주
325020,KODEX,325020,KODEX 배당가치
326230,RISE,4497,RISE 내수주플러스
326240,RISE,4496,RISE IT플러스
328370,PLUS,006327,PLUS 코스피TR
329200,TIGER,329200,TIGER 리츠부동산인프라
329650,KODEX,329650,KODEX TRF3070
329660,KODEX,329660,KODEX TRF5050
329670,KODEX,329670,KODEX TRF7030
329750,TIGER,329750,TIGER 미국달러단기채권액티브
332500,ACE,K55101CT6711,ACE 200TR
332610,PLUS,006328,PLUS 미국단기회사채(AAA~A)
332620,PLUS,006329,PLUS 미국장기우량회사채
334690,RISE,4498,RISE 팔라듐선물(H)
334700,RISE,4499,RISE 팔라듐선물인버스(H)
336160,RISE,4500,RISE 금융채액티브
337120,KODEX,337120,KODEX 멀티팩터
337140,KODEX,337140,KODEX 코스피대형주
337150,KODEX,337150,KODEX 200exTOP
337160,KODEX,337160,KODEX 200ESG
341850,TIGER,341850,TIGER 리츠부동산인프라채권
352540,KODEX,352540,KODEX 일본부동산리츠(H)
352560,KODEX,352560,KODEX 미국부동산리츠(H)
354240,RISE,44A4,RISE 미국고정배당우선증권
354500,ACE,K55101D41516,ACE 코스닥150
356540,ACE,K55101D34156,ACE 종합채권(AA-이상)액티브
357870,TIGER,357870,TIGER CD금리투자KIS(합성)
360140,KODEX,360140,KODEX 200롱 코스닥150숏선물
360200,ACE,K55101D78195,ACE 미국S&P500
360750,TIGER,360750,TIGER 미국S&P500
361580,RISE,44A5,RISE 200TR
363510,SOL,210811,SOL KIS단기통안채
363570,KODEX,363570,KODEX 장기종합채권(AA-이상) 액티브
364690,KODEX,364690,KODEX 혁신기술테마액티브
364960,TIGER,364960,TIGER BBIG
364970,TIGER,364970,TIGER 바이오TOP10
364980,TIGER,364980,TIGER 2차전지TOP10
364990,TIGER,364990,TIGER 게임TOP10
365000,TIGER,365000,TIGER 인터넷TOP10
365040,TIGER,365040,TIGER AI코리아그로스액티브
365780,ACE,K55101D95314,ACE 국고채10년
367380,ACE,K55101DB1182,ACE 미국나스닥100
367760,RISE,44A7,RISE 네트워크인프라
367770,RISE,44A8,RISE 수소경제테마
368590,RISE,44A9,RISE 미국나스닥100
368680,KODEX,368680,KODEX K-뉴딜디지털플러스
371150,RISE,44B1,RISE 차이나항셍테크
371160,TIGER,371160,TIGER 차이나항셍테크
371450,TIGER,371450,TIGER 글로벌클라우드컴퓨팅INDXX
371460,TIGER,371460,TIGER 차이나전기차 SOLACTIVE
371470,TIGER,371470,TIGER 차이나바이오테크 SOLACTIVE
371870,ACE,K55101DC5406,ACE 차이나항셍테크
372330,KODEX,372330,KODEX 차이나항셍테크
373490,KODEX,373490,KODEX 코리아혁신성장액티브
375270,RISE,44B2,RISE 글로벌데이터센터리츠(합성)
375770,KODEX,375770,KODEX 탄소효율그린뉴딜
376410,TIGER,376410,TIGER 탄소효율그린뉴딜
377990,TIGER,377990,TIGER Fn신재생에너지
379780,RISE,44B3,RISE 미국S&P500
379790,RISE,44B4,RISE 유로스탁스50(H)
379800,KODEX,379800,KODEX 미국S&P500
379810,KODEX,379810,KODEX 미국나스닥100
380340,ACE,K55101DH2341,ACE 코리아AI테크핵심산업
381170,TIGER,381170,TIGER 미국테크TOP10 INDXX
381180,TIGER,381180,TIGER 미국필라델피아반도체나스닥
385510,KODEX,385510,KODEX 신재생에너지액티브
385520,KODEX,385520,KODEX 자율주행액티브
385540,RISE,44B5,RISE 종합채권(A-이상)액티브
385550,RISE,44B6,RISE 단기채권알파액티브
385560,RISE,44B7,RISE KIS국고채30년Enhanced
385590,ACE,K55101DI3603,ACE ESG액티브
385600,ACE,K55101DH7878,ACE 2차전지&친환경차액티브
385710,TIME,17,TIME K이노베이션액티브
385720,TIME,11,TIME 코스피액티브
387270,TIGER,387270,TIGER 글로벌이노베이션액티브
387280,TIGER,387280,TIGER 퓨처모빌리티액티브
388280,RISE,44B8,RISE K엔터&여행레저
388420,RISE,44B9,RISE 비메모리반도체액티브
390390,KODEX,390390,KODEX 미국반도체
390400,KODEX,390400,KODEX 미국스마트모빌리티S&P
391600,ACE,K55101DK6651,ACE 미국친환경그린테마
394660,TIGER,394660,TIGER 글로벌자율주행&전기차 SOLACTIVE
394670,TIGER,394670,TIGER 글로벌리튬&2차전지SOLACTIVE(합성)
395150,KODEX,395150,KODEX 웹툰&드라마
395160,KODEX,395160,KODEX AI반도체TOP2플러스
395170,KODEX,395170,KODEX Top10동일가중
395750,PLUS,006340,PLUS ESG가치주액티브
395760,PLUS,006339,PLUS ESG성장주액티브
396500,TIGER,396500,TIGER 반도체TOP10
396510,TIGER,396510,TIGER 차이나클린에너지SOLACTIVE
396520,TIGER,396520,TIGER 차이나반도체FACTSET
399110,SOL,210880,SOL 미국S&P500ESG
399580,RISE,44C3,RISE 글로벌클린에너지
400580,SOL,210885,SOL 유럽탄소배출권선물S&P(H)
400590,SOL,210884,SOL 글로벌탄소배출권선물ICE(합성)
400970,TIGER,400970,TIGER Fn메타버스
401170,RISE,44C2,RISE 메타버스
401470,KODEX,401470,KODEX 메타버스액티브
402970,ACE,K55101DN4471,ACE 미국배당다우존스
404120,TIME,16,TIME K신재생에너지액티브
404260,KODEX,404260,KODEX 기후변화솔루션
404540,TIGER,404540,TIGER KRX기후변화솔루션
404650,SOL,210890,SOL KRX기후변화솔루션
409820,KODEX,409820,KODEX 미국나스닥100 레버리지(합성 H)
411060,ACE,K55101DN7441,ACE KRX금현물
411420,KODEX,411420,KODEX 미국나스닥AI테크액티브
411540,SOL,210895,SOL 200Top10
412560,TIGER,412560,TIGER BBIG 레버리지
412570,TIGER,412570,TIGER 2차전지TOP10레버리지
412770,TIGER,412770,TIGER 글로벌AI플랫폼액티브
413220,SOL,210896,SOL 차이나태양광CSI(합성)
414270,ACE,K55101DP1319,ACE 글로벌자율주행액티브
414780,TIGER,414780,TIGER 차이나과창판STAR50(합성)
415760,SOL,210897,SOL 차이나육성산업액티브(합성)
415920,PLUS,006342,PLUS 글로벌희토류&전략자원생산기업
416090,ACE,K55101DP7530,ACE 중국과창판STAR50
417450,RISE,44C6,RISE 글로벌수소경제
417630,TIGER,417630,TIGER KEDI혁신기업ESG30
418660,TIGER,418660,TIGER 미국나스닥100레버리지(합성)
418670,TIGER,418670,TIGER 글로벌AI사이버보안
419420,KODEX,419420,KODEX 미국클린에너지나스닥
419650,PLUS,006343,PLUS 글로벌수소&차세대연료전지
421320,PLUS,006344,PLUS 우주항공
422420,RISE,44C7,RISE 2차전지액티브
423160,KODEX,423160,KODEX KOFR금리 액티브(합성)
423170,SOL,210908,SOL 글로벌AI반도체탑픽액티브
423920,TIGER,423920,TIGER 미국필라델피아반도체레버리지(합성)
426020,TIME,5,TIME 미국S&P500액티브
426030,TIME,2,TIME 미국나스닥100액티브
427120,RISE,44C9,RISE AI플랫폼
428510,KODEX,428510,KODEX 차이나AI테크액티브
428560,KODEX,428560,KODEX 미국ETF산업Top10 Indxx
429000,TIGER,429000,TIGER 미국S&P500배당귀족
429010,TIGER,429010,TIGER 미국나스닥넥스트100
429740,PLUS,006347,PLUS K리츠
429760,PLUS,006346,PLUS 미국S&P500
429980,SOL,210919,SOL 한국형글로벌전기차&2차전지액티브
432600,RISE,44D0,RISE 국채선물3년
433330,SOL,210930,SOL 미국S&P500
433500,ACE,K55101DU0363,ACE 원자력TOP10
433880,PLUS,006357,PLUS TDF2060액티브 적격
433970,KODEX,433970,KODEX TDF2030 액티브 적격
433980,KODEX,433980,KODEX TDF2040 액티브  적격
434060,KODEX,434060,KODEX TDF2050 액티브 적격
435040,ACE,K55101DU3912,ACE 글로벌브랜드TOP10
435420,TIGER,435420,TIGER 미국나스닥100채권혼합50
436140,SOL,210932,SOL 종합채권(AA-이상)액티브
437070,KODEX,437070,KODEX 아시아달러채권ESG플러스액티브
437080,KODEX,437080,KODEX 미국종합채권ESG액티브(H)
437350,RISE,44D2,RISE 미국단기투자등급회사채액티브
437370,RISE,44D1,RISE 글로벌농업경제
438080,ACE,K55101DU8887,ACE 미국S&P500미국채혼합50액티브
438100,ACE,K55101DU8879,ACE 미국나스닥100미국채혼합50액티브
438320,TIGER,438320,TIGER 차이나항셍테크레버리지(합성H)
438330,TIGER,438330,TIGER 우량회사채액티브
438560,SOL,210934,SOL 국고채3년
438570,SOL,210935,SOL 국고채10년
439860,KODEX,439860,KODEX ESG종합채권(A-이상) 액티브
439870,KODEX,439870,KODEX 국고채30년 액티브
440340,TIGER,440340,TIGER 글로벌멀티에셋TIF액티브
440640,ACE,K55101DW2771,ACE 단기채권알파액티브
440650,ACE,K55101DW3258,ACE 미국달러단기채권액티브
441640,KODEX,441640,KODEX 미국배당커버드콜액티브
441680,TIGER,441680,TIGER 미국나스닥100커버드콜(합성)
441800,TIME,12,TIME Korea플러스배당액티브
442320,RISE,44D6,RISE 글로벌원자력
442550,RISE,44D3,RISE TDF2030액티브적격
442560,RISE,44D4,RISE TDF2040액티브적격
442570,RISE,44D5,RISE TDF2050액티브적격
442580,PLUS,006236,PLUS 글로벌HBM반도체
444200,SOL,210940,SOL 코리아메가테크액티브
445150,KODEX,445150,KODEX 친환경조선해운액티브
445290,KODEX,445290,KODEX 로봇액티브
445910,TIGER,445910,TIGER MKF배당귀족
446690,KODEX,446690,KODEX 아시아AI반도체exChina액티브
446700,RISE,44D7,RISE 배터리 리사이클링
446720,SOL,210942,SOL 미국배당다우존스
446770,ACE,K55101DY2753,ACE 글로벌반도체TOP4 Plus
447430,ACE,K55101DY4338,ACE 주주환원가치주액티브
447620,SOL,210945,SOL 미국TOP5채권혼합50
447660,PLUS,006237,PLUS 애플채권혼합
447770,TIGER,447770,TIGER 테슬라채권혼합Fn
448290,TIGER,448290,TIGER 미국S&P500(H)
448300,TIGER,448300,TIGER 미국나스닥100(H)
448330,KODEX,448330,KODEX 삼성전자채권혼합
448540,ACE,K55101DY6929,ACE 엔비디아채권혼합
448630,RISE,44E0,RISE 삼성그룹Top3채권혼합
449170,TIGER,449170,TIGER KOFR금리액티브(합성)
449180,KODEX,449180,KODEX 미국S&P500(H)
449190,KODEX,449190,KODEX 미국나스닥100(H)
449450,PLUS,006192,PLUS K방산
449580,RISE,44E1,RISE 테슬라애플아마존채권혼합
449680,TIGER,449680,TIGER 한중전기차(합성)
449690,TIGER,449690,TIGER 한중반도체(합성)
450910,SOL,210961,SOL 코스닥150
451000,PLUS,006358,PLUS 종합채권(AA-이상)액티브
451530,TIGER,451530,TIGER 국고채30년스트립액티브
451540,TIGER,451540,TIGER 종합채권(AA-이상)액티브
451600,PLUS,006203,PLUS 국고채30년액티브
451670,RISE,44E2,RISE 국채30년레버리지(합성)
452250,ACE,K55101DZ9039,ACE 미국30년국채선물레버리지(합성 H)
452360,SOL,210972,SOL 미국배당다우존스(H)
453010,PLUS,006180,PLUS KOFR금리
453330,RISE,44E3,RISE 미국S&P500(H)
453630,KODEX,453630,KODEX 미국S&P500 필수소비재
453640,KODEX,453640,KODEX 미국S&P500 헬스케어
453650,KODEX,453650,KODEX 미국S&P500금융
453660,KODEX,453660,KODEX 미국S&P500 경기소비재
453810,KODEX,453810,KODEX 인도Nifty50
453820,KODEX,453820,KODEX 인도Nifty50레버리지(합성)
453850,ACE,K55101E03860,ACE 미국30년국채액티브(H)
453870,TIGER,453870,TIGER 인도니프티50
453950,TIGER,453950,TIGER TSMC파운드리밸류체인
455030,KODEX,455030,KODEX 미국달러SOFR금리 액티브(합성)
455660,ACE,K55101E13018,ACE 미국하이일드액티브(H)
455850,SOL,210980,SOL AI반도체소부장
455860,SOL,210981,SOL 2차전지소부장Fn
455890,RISE,44E4,RISE 머니마켓액티브
455960,RISE,44E5,RISE 미국달러SOFR금리액티브(합성)
456200,PLUS,006190,PLUS 미국달러SOFR금리액티브(합성)
456250,KODEX,456250,KODEX 유럽명품TOP10 STOXX
456600,TIME,6,TIME 글로벌AI인공지능액티브
456610,TIGER,456610,TIGER 미국달러SOFR금리액티브(합성)
456680,TIGER,456680,TIGER 차이나전기차레버리지(합성)
456880,ACE,K55101E19692,ACE 미국달러SOFR금리(합성)
457480,ACE,K55101E19387,ACE 테슬라밸류체인액티브
457690,KODEX,457690,KODEX 33-06 국고채액티브
457700,KODEX,457700,KODEX 53-09 국고채액티브
457990,PLUS,006279,PLUS 태양광&ESS
458250,TIGER,458250,TIGER 미국30년국채스트립액티브(합성H)
458260,TIGER,458260,TIGER 미국투자등급회사채액티브(H)
458730,TIGER,458730,TIGER 미국배당다우존스
458750,TIGER,458750,TIGER 미국배당다우존스타겟커버드콜1호
458760,TIGER,458760,TIGER 미국배당다우존스타겟커버드콜2호
459560,KODEX,459560,KODEX 테슬라밸류체인FactSet
459580,KODEX,459580,KODEX CD금리액티브(합성)
459750,RISE,44E7,RISE 글로벌주식분산액티브
460660,RISE,44E6,RISE 미국S&P배당킹
460960,ACE,K55101E30004,ACE 글로벌인컴TOP10
461450,KODEX,461450,KODEX 코스닥글로벌
461460,PLUS,006359,PLUS 국고채10년액티브
461490,RISE,44E8,RISE 글로벌자산배분액티브
461580,TIGER,461580,TIGER 코스닥글로벌
461600,SOL,211000,SOL 미국30년국채액티브(H)
461900,PLUS,006349,PLUS 미국테크TOP10
461910,PLUS,006350,PLUS 미국테크TOP10레버리지(합성)
461950,KODEX,461950,KODEX 2차전지핵심소재 10
462010,TIGER,462010,TIGER 2차전지소재Fn
463050,TIME,13,TIME K바이오액티브
463250,TIGER,463250,TIGER K방산&우주
463300,RISE,44E9,RISE 중국본토CSI300
463640,KODEX,463640,KODEX 미국S&P500유틸리티
463680,KODEX,463680,KODEX 미국S&P500테크놀로지
463690,KODEX,463690,KODEX 미국S&P500커뮤니케이션
464310,TIGER,464310,TIGER 글로벌AI&로보틱스INDXX
464470,PLUS,006204,PLUS 미국채30년액티브
464600,SOL,211016,SOL 자동차소부장Fn
464610,SOL,211015,SOL 의료기기소부장Fn
464920,PLUS,006366,PLUS 일본반도체소부장
464930,TIGER,464930,TIGER 글로벌혁신블루칩TOP10
465330,RISE,44F2,RISE 2차전지TOP10
465350,RISE,44F1,RISE 2차전지TOP10인버스(합성)
465580,ACE,K55101E52479,ACE 미국빅테크TOP7 Plus
465610,ACE,K55101E52487,ACE 미국빅테크TOP7 Plus레버리지(합성)
465620,ACE,K55101E52495,ACE 미국빅테크TOP7 Plus인버스(합성)
465660,TIGER,465660,TIGER 일본반도체FACTSET
465670,TIGER,465670,TIGER 미국캐시카우100
466920,SOL,211028,SOL 조선TOP3플러스
466930,SOL,211027,SOL 자동차TOP3플러스
466940,TIGER,466940,TIGER 은행고배당플러스TOP10
466950,TIGER,466950,TIGER 글로벌AI액티브
468370,KODEX,468370,KODEX iShares 미국인플레이션국채액티브
468380,KODEX,468380,KODEX iShares 미국하이일드액티브
468630,KODEX,468630,KODEX iShares 미국투자등급회사채액티브
469050,RISE,44F4,RISE 미국반도체NYSE(H)
469060,RISE,44F3,RISE 미국반도체NYSE
469070,RISE,44F5,RISE AI&로봇
469150,ACE,K55101E67600,ACE AI반도체TOP3+
469160,ACE,K55101E66032,ACE 일본반도체
469170,ACE,K55101E67568,ACE 포스코그룹포커스
469530,RISE,44F6,RISE 미국달러선물인버스
469830,SOL,211038,SOL 초단기채권액티브
471230,KODEX,471230,KODEX 국고채10년액티브
471760,TIGER,471760,TIGER AI반도체핵심공정
471780,TIGER,471780,TIGER 코리아테크액티브
471990,KODEX,471990,KODEX AI반도체핵심장비
472150,TIGER,472150,TIGER 배당커버드콜액티브
472160,TIGER,472160,TIGER 미국테크TOP10INDXX(H)
472170,TIGER,472170,TIGER미국테크TOP10채권혼합
472830,RISE,44F8,RISE 미국30년국채커버드콜(합성)
472870,RISE,44F9,RISE 미국30년국채엔화노출(합성 H)
473290,KODEX,473290,KODEX 26-12 회사채(AA-이상)액티브
473330,SOL,211044,SOL 미국30년국채커버드콜(합성)
473440,ACE,K55101E75520,ACE 11월만기자동연장회사채AA-이상액티브
473460,KODEX,473460,KODEX 미국서학개미
473590,ACE,K55101E54012,ACE 미국주식베스트셀러
474220,TIGER,474220,TIGER 미국테크TOP10타겟커버드콜
474390,SOL,211049,SOL 국고채30년액티브
475050,ACE,K55101E79688,ACE KPOP포커스
475080,KODEX,475080,KODEX 테슬라커버드콜채권혼합액티브
475260,ACE,K55101E80470,ACE 2월만기자동연장회사채AA-이상액티브
475270,ACE,K55101E80488,ACE 5월만기자동연장회사채AA-이상액티브
475280,ACE,K55101E80496,ACE 8월만기자동연장회사채AA-이상액티브
475300,SOL,211053,SOL 반도체전공정
475310,SOL,211054,SOL 반도체후공정
475350,RISE,44G1,RISE 버크셔포트폴리오TOP10
475380,RISE,44G0,RISE 글로벌리얼티인컴
475630,TIGER,475630,TIGER CD1년금리액티브(합성)
475720,RISE,44G3,RISE 200위클리커버드콜
476030,SOL,211056,SOL 미국나스닥100
476070,KODEX,476070,KODEX 글로벌비만치료제TOP2 Plus
476310,RISE,44G2,RISE 글로벌비만산업TOP2+
476550,TIGER,476550,TIGER 미국30년국채커버드콜액티브(H)
476690,TIGER,476690,TIGER 글로벌비만치료제TOP2 Plus
476750,ACE,K55101E91790,ACE 미국30년국채엔화노출액티브(H)
476760,ACE,K55101E91865,ACE 미국30년국채액티브
476800,KODEX,476800,KODEX 한국부동산리츠인프라
477050,PLUS,006367,PLUS 머니마켓액티브
477080,RISE,44G4,RISE CD금리액티브(합성)
477730,KODEX,477730,KODEX 인도타타그룹
478150,TIME,20,TIME 글로벌우주테크&방산액티브
479520,RISE,44G5,RISE KOFR금리액티브(합성)
479620,SOL,211057,SOL 미국AI반도체칩메이커
479730,TIGER,479730,TIGER 인도빌리언컨슈머
480020,ACE,K55101E97763,ACE 미국빅테크7+데일리타겟커버드콜(합성)
480030,ACE,K55101E97755,ACE 미국500데일리타겟커버드콜(합성)
480040,ACE,K55101E96450,ACE 미국반도체데일리타겟커버드콜(합성)
480260,TIGER,480260,TIGER 27-04회사채(A+이상)액티브
480310,TIGER,480310,TIGER 글로벌온디바이스AI
481050,KODEX,481050,KODEX CD1년금리플러스액티브(합성)
481060,KODEX,481060,KODEX 미국30년국채타겟커버드콜(합성 H)
481180,SOL,211058,SOL 미국AI소프트웨어
481190,SOL,211059,SOL 미국테크TOP10
481340,RISE,44G6,RISE 미국30년국채액티브
481430,RISE,44G7,RISE 국고채10년액티브
482730,TIGER,482730,TIGER 미국S&P500타겟데일리커버드콜
483280,KODEX,483280,KODEX 미국AI테크TOP10타겟커버드콜
483290,KODEX,483290,KODEX 미국배당다우존스타겟커버드콜
483320,ACE,K55101EB6172,ACE 엔비디아밸류체인액티브
483330,ACE,K55101EB6081,ACE 마이크로소프트밸류체인액티브
483340,ACE,K55101EB6099,ACE 구글밸류체인액티브
484790,KODEX,484790,KODEX 미국30년국채액티브(H)
484880,SOL,211061,SOL 금융지주플러스고배당
484890,SOL,211062,SOL 머니마켓액티브
485540,KODEX,485540,KODEX 미국AI테크TOP10
485690,RISE,44G9,RISE 미국AI밸류체인TOP3Plus
485810,TIME,9,TIME 글로벌안티에이징바이오액티브
486290,TIGER,486290,TIGER 미국나스닥100타겟데일리커버드콜
486450,SOL,211063,SOL 미국AI전력인프라
487230,KODEX,487230,KODEX 미국AI전력핵심인프라
487240,KODEX,487240,KODEX AI전력핵심설비
487340,ACE,K55101EC8482,ACE 머니마켓액티브
487910,ACE,K55101EB6453,ACE 인도컨슈머파워액티브
487920,ACE,K55101EC1768,ACE 인도시장대표BIG5그룹액티브
487950,KODEX,487950,KODEX 대만테크고배당다우존스
488080,TIGER,488080,TIGER 반도체TOP10레버리지
488480,RISE,44H0,RISE 일본섹터TOP4Plus
488500,TIGER,488500,TIGER 미국S&P500동일가중
488770,KODEX,488770,KODEX 머니마켓액티브
488980,SOL,211065,SOL 26-12회사채(AA-이상)액티브
489000,PLUS,006369,PLUS 일본엔화초단기국채(합성)
489030,PLUS,006370,PLUS 고배당주위클리커버드콜
489250,KODEX,489250,KODEX 미국배당다우존스
490090,TIGER,490090,TIGER 미국AI빅테크10
490480,SOL,211070,SOL K방산
490490,SOL,211068,SOL 미국배당미국채혼합50
490590,RISE,44H1,RISE 미국AI밸류체인데일리고정커버드콜
490600,RISE,44H2,RISE 미국배당100데일리고정커버드콜
491010,TIGER,491010,TIGER 글로벌AI전력인프라액티브
491090,KODEX,491090,KODEX 미국테크TOP3플러스
491220,PLUS,006373,PLUS 200TR
491230,PLUS,006374,PLUS 국공채머니마켓액티브
491620,RISE,44H5,RISE 미국테크100데일리고정커버드콜
491630,RISE,44H3,RISE 미국반도체인버스(합성 H)
491830,TIGER,491830,TIGER 미국AI반도체팹리스
493420,SOL,211069,SOL 미국배당다우존스2호
493810,TIGER,493810,TIGER 미국AI빅테크10타겟데일리커버드콜
494180,TIME,8,TIME 글로벌소비트렌드액티브
494210,SOL,211064,SOL 미국500타겟데일리커버드콜액티브
494300,KODEX,494300,KODEX 미국나스닥100데일리커버드콜OTM
494330,ACE,K55101EE7904,ACE 라이프자산주주가치액티브
494340,ACE,K55101EE6187,ACE 글로벌AI맞춤형반도체
494410,PLUS,006375,PLUS 미국S&P500성장주
494420,PLUS,006376,PLUS 미국배당증가성장주데일리커버드콜
494670,TIGER,494670,TIGER 조선TOP10
494840,TIGER,494840,TIGER 미국방산TOP10
494890,KODEX,494890,KODEX 200액티브
495040,PLUS,006378,PLUS 코리아밸류업
495050,RISE,44H7,RISE 코리아밸류업
495060,TIME,15,TIME 코리아밸류업액티브
495550,SOL,211073,SOL 코리아밸류업TR
495850,KODEX,495850,KODEX 코리아밸류업
495940,RISE,44H6,RISE 미국AI테크액티브
496080,TIGER,496080,TIGER 코리아밸류업
496120,ACE,K55101EF9826,ACE 코리아밸류업
496770,PLUS,006377,PLUS 글로벌방산
497510,ACE,K55101EF6160,ACE 글로벌빅파마
497520,ACE,K55101EG1343,ACE 일라이릴리밸류체인
497570,TIGER,497570,TIGER 미국필라델피아AI반도체나스닥
497880,SOL,211074,SOL CD금리&머니마켓액티브
498400,KODEX,498400,KODEX 200타겟위클리커버드콜
498410,KODEX,498410,KODEX 금융고배당TOP10타겟위클리커버드콜
498610,RISE,44H4,RISE 인도디지털성장
498860,RISE,44H8,RISE 코리아금융고배당
499150,SOL,211071,SOL 미국S&P500엔화노출(H)
499660,TIGER,499660,TIGER CD금리플러스액티브(합성)
