year,month,code,name,record_date,payment_date,amount,tax_basis
2026,8,0000D0,TIGER 엔비디아미국채커버드콜밸런스(합성),2026-08-31,2026-09-02,91,0
2026,8,0008S0,TIGER 미국배당다우존스타겟데일리커버드콜,2026-08-14,2026-08-19,103,103
2026,8,0046A0,TIGER 미국초단기(3개월이하)국채,2026-08-31,2026-09-02,26,0
2026,8,0052D0,TIGER 코리아배당다우존스,2026-08-14,2026-08-19,61,61
2026,8,0086B0,TIGER 리츠부동산인프라TOP10액티브,2026-08-14,2026-08-19,54,54
2026,8,0086C0,TIGER 리츠부동산인프라10채권혼합액티브,2026-08-14,2026-08-19,28,28
2026,8,0104N0,TIGER 200타겟위클리커버드콜,2026-08-14,2026-08-19,112,10
2026,8,0104P0,TIGER 코리아배당다우존스위클리커버드콜,2026-08-31,2026-09-02,109,45
2026,8,0177R0,TIGER 반도체TOP10커버드콜액티브,2026-08-14,2026-08-19,151,0
2026,8,166400,TIGER 200 커버드콜OTM,2026-08-31,2026-09-02,94,71
2026,8,182480,TIGER 미국MSCI리츠(합성 H),2026-08-31,2026-09-02,20,20
2026,8,245340,TIGER 미국다우존스30,2026-08-31,2026-09-02,35,35
2026,8,289480,TIGER 200 커버드콜,2026-08-31,2026-09-02,88,5
2026,8,329200,TIGER 리츠부동산인프라,2026-08-31,2026-09-02,33,33
2026,8,341850,TIGER 리츠부동산인프라채권,2026-08-31,2026-09-02,24,24
2026,8,429000,TIGER 미국S&P500배당귀족,2026-08-31,2026-09-02,20,20
2026,8,440340,TIGER 글로벌멀티에셋TIF액티브,2026-08-31,2026-09-02,46,46
2026,8,441680,TIGER 미국나스닥100커버드콜(합성),2026-08-31,2026-09-02,108,108
2026,8,458260,TIGER 미국투자등급회사채액티브(H),2026-08-31,2026-09-02,175,0
2026,8,458730,TIGER 미국배당다우존스,2026-08-31,2026-09-02,30,30
2026,8,458750,TIGER 미국배당다우존스타겟커버드콜1호,2026-08-14,2026-08-19,60,60
2026,8,458760,TIGER 미국배당다우존스타겟커버드콜2호,2026-08-31,2026-09-02,90,90
2026,8,465670,TIGER 미국캐시카우100,2026-08-31,2026-09-02,17,17
2026,8,466940,TIGER 은행고배당플러스TOP10,2026-08-31,2026-09-02,100,100
2026,8,472150,TIGER 배당커버드콜액티브,2026-08-31,2026-09-02,413,6
2026,8,474220,TIGER 미국테크TOP10타겟커버드콜,2026-08-14,2026-08-19,130,130
2026,8,476550,TIGER 미국30년국채커버드콜액티브(H),2026-08-31,2026-09-02,69,0
2026,8,476690,TIGER 글로벌비만치료제TOP2 Plus,2026-08-31,2026-09-02,11,11
2026,8,482730,TIGER 미국S&P500타겟데일리커버드콜,2026-08-31,2026-09-02,100,100
2026,8,486290,TIGER 미국나스닥100타겟데일리커버드콜,2026-08-31,2026-09-02,132,132
2026,8,493810,TIGER 미국AI빅테크10타겟데일리커버드콜,2026-08-14,2026-08-19,150,150
2026,8,496080,TIGER 코리아밸류업,2026-08-31,2026-09-02,28,28
2026,8,499660,TIGER CD금리플러스액티브(합성),2026-08-31,2026-09-02,2400,2400
2026,7,0000D0,TIGER 엔비디아미국채커버드콜밸런스(합성),2026-07-31,2026-08-04,95,0
2026,7,0008S0,TIGER 미국배당다우존스타겟데일리커버드콜,2026-07-15,2026-07-20,104,104
2026,7,0046A0,TIGER 미국초단기(3개월이하)국채,2026-07-31,2026-08-04,28,28
2026,7,0052D0,TIGER 코리아배당다우존스,2026-07-15,2026-07-20,58,58
2026,7,0053L0,TIGER 차이나휴머노이드로봇,2026-07-31,2026-08-04,38,38
2026,7,0060H0,TIGER 토탈월드스탁액티브,2026-07-31,2026-08-04,52,52
2026,7,0086B0,TIGER 리츠부동산인프라TOP10액티브,2026-07-15,2026-07-20,54,54
2026,7,0086C0,TIGER 리츠부동산인프라10채권혼합액티브,2026-07-15,2026-07-20,28,28
2026,7,0104N0,TIGER 200타겟위클리커버드콜,2026-07-15,2026-07-20,137,5
2026,7,0104P0,TIGER 코리아배당다우존스위클리커버드콜,2026-07-31,2026-08-04,105,0
2026,7,0117V0,TIGER 코리아AI전력기기TOP3플러스,2026-07-31,2026-08-04,93,24
2026,7,0177R0,TIGER 반도체TOP10커버드콜액티브,2026-07-15,2026-07-20,205,0
2026,7,0190Y0,TIGER 구글밸류체인,2026-07-31,2026-08-04,31,0
2026,7,091220,TIGER 은행,2026-07-31,2026-08-04,146,111
2026,7,091230,TIGER 반도체,2026-07-31,2026-08-04,177,0
2026,7,102110,TIGER 200,2026-07-31,2026-08-04,133,125
2026,7,105010,TIGER 라틴35,2026-07-31,2026-08-04,53,53
2026,7,133690,TIGER 미국나스닥100,2026-07-31,2026-08-04,255,255
2026,7,139230,TIGER 200 중공업,2026-07-31,2026-08-04,88,25
2026,7,139250,TIGER 200 에너지화학,2026-07-31,2026-08-04,50,50
2026,7,139260,TIGER 200 IT,2026-07-31,2026-08-04,142,0
2026,7,139270,TIGER 200 금융,2026-07-31,2026-08-04,60,60
2026,7,139280,TIGER 경기방어,2026-07-31,2026-08-04,12,12
2026,7,157500,TIGER 증권,2026-07-31,2026-08-04,443,366
2026,7,166400,TIGER 200 커버드콜OTM,2026-07-31,2026-08-04,83,83
2026,7,174350,TIGER 로우볼,2026-07-31,2026-08-04,60,39
2026,7,182480,TIGER 미국MSCI리츠(합성 H),2026-07-31,2026-08-04,46,46
2026,7,210780,TIGER 코스피고배당,2026-07-31,2026-08-04,241,126
2026,7,211560,TIGER 배당성장,2026-07-31,2026-08-04,65,65
2026,7,227560,TIGER 200 생활소비재,2026-07-31,2026-08-04,30,0
2026,7,228820,TIGER KTOP30,2026-07-31,2026-08-04,30,30
2026,7,245340,TIGER 미국다우존스30,2026-07-31,2026-08-04,23,23
2026,7,245350,TIGER 유로스탁스배당30,2026-07-31,2026-08-04,520,520
2026,7,245360,TIGER 차이나HSCEI,2026-07-31,2026-08-04,74,74
2026,7,252000,TIGER 200 동일가중,2026-07-31,2026-08-04,60,60
2026,7,261140,TIGER 우선주,2026-07-31,2026-08-04,50,50
2026,7,269370,TIGER S&P글로벌인프라(합성),2026-07-31,2026-08-04,250,250
2026,7,277630,TIGER 코스피,2026-07-31,2026-08-04,60,60
2026,7,277640,TIGER 코스피대형주,2026-07-31,2026-08-04,50,50
2026,7,289250,TIGER MSCI KOREA ESG 유니버설,2026-07-31,2026-08-04,20,20
2026,7,289480,TIGER 200 커버드콜,2026-07-31,2026-08-04,78,4
2026,7,292150,TIGER 코리아TOP10,2026-07-31,2026-08-04,85,85
2026,7,292160,TIGER KRX300,2026-07-31,2026-08-04,60,60
2026,7,307510,TIGER 의료기기,2026-07-31,2026-08-04,156,0
2026,7,307520,TIGER 지주회사,2026-07-31,2026-08-04,64,25
2026,7,315270,TIGER 200 커뮤니케이션서비스,2026-07-31,2026-08-04,90,86
2026,7,329200,TIGER 리츠부동산인프라,2026-07-31,2026-08-04,33,33
2026,7,341850,TIGER 리츠부동산인프라채권,2026-07-31,2026-08-04,24,24
2026,7,360750,TIGER 미국S&P500,2026-07-31,2026-08-04,66,66
2026,7,371160,TIGER 차이나항셍테크,2026-07-31,2026-08-04,25,0
2026,7,376410,TIGER 탄소효율그린뉴딜,2026-07-31,2026-08-04,58,58
2026,7,377990,TIGER Fn신재생에너지,2026-07-31,2026-08-04,180,0
2026,7,381180,TIGER 미국필라델피아반도체나스닥,2026-07-31,2026-08-04,49,49
2026,7,404540,TIGER KRX기후변화솔루션,2026-07-31,2026-08-04,82,82
2026,7,423920,TIGER 미국필라델피아반도체레버리지(합성),2026-07-31,2026-08-04,150,150
2026,7,429000,TIGER 미국S&P500배당귀족,2026-07-31,2026-08-04,23,23
2026,7,435420,TIGER 미국나스닥100채권혼합50,2026-07-31,2026-08-04,42,42
2026,7,440340,TIGER 글로벌멀티에셋TIF액티브,2026-07-31,2026-08-04,44,44
2026,7,441680,TIGER 미국나스닥100커버드콜(합성),2026-07-31,2026-08-04,111,111
2026,7,445910,TIGER MKF배당귀족,2026-07-31,2026-08-04,25,25
2026,7,447770,TIGER 테슬라채권혼합Fn,2026-07-31,2026-08-04,65,65
2026,7,448290,TIGER 미국S&P500(H),2026-07-31,2026-08-04,42,42
2026,7,448300,TIGER 미국나스닥100(H),2026-07-31,2026-08-04,30,30
2026,7,453870,TIGER 인도니프티50,2026-07-31,2026-08-04,50,50
2026,7,458260,TIGER 미국투자등급회사채액티브(H),2026-07-31,2026-08-04,175,0
2026,7,458730,TIGER 미국배당다우존스,2026-07-31,2026-08-04,37,37
2026,7,458750,TIGER 미국배당다우존스타겟커버드콜1호,2026-07-15,2026-07-20,68,68
2026,7,458760,TIGER 미국배당다우존스타겟커버드콜2호,2026-07-31,2026-08-04,93,93
2026,7,465660,TIGER 일본반도체FACTSET,2026-07-31,2026-08-04,25,25
2026,7,465670,TIGER 미국캐시카우100,2026-07-31,2026-08-04,18,18
2026,7,466940,TIGER 은행고배당플러스TOP10,2026-07-31,2026-08-04,100,100
2026,7,472150,TIGER 배당커버드콜액티브,2026-07-31,2026-08-04,375,0
2026,7,474220,TIGER 미국테크TOP10타겟커버드콜,2026-07-15,2026-07-20,132,132
2026,7,476550,TIGER 미국30년국채커버드콜액티브(H),2026-07-31,2026-08-04,70,0
2026,7,476690,TIGER 글로벌비만치료제TOP2 Plus,2026-07-31,2026-08-04,11,11
2026,7,479730,TIGER 인도빌리언컨슈머,2026-07-31,2026-08-04,34,34
2026,7,480310,TIGER 글로벌온디바이스AI,2026-07-31,2026-08-04,25,25
2026,7,482730,TIGER 미국S&P500타겟데일리커버드콜,2026-07-31,2026-08-04,102,102
2026,7,486290,TIGER 미국나스닥100타겟데일리커버드콜,2026-07-31,2026-08-04,136,136
2026,7,488500,TIGER 미국S&P500동일가중,2026-07-31,2026-08-04,49,49
2026,7,491830,TIGER 미국AI반도체팹리스,2026-07-31,2026-08-04,15,15
2026,7,493810,TIGER 미국AI빅테크10타겟데일리커버드콜,2026-07-15,2026-07-20,155,155
2026,7,494840,TIGER 미국방산TOP10,2026-07-31,2026-08-04,42,42
2026,7,496080,TIGER 코리아밸류업,2026-07-31,2026-08-04,28,28
2026,7,497570,TIGER 미국필라델피아AI반도체나스닥,2026-07-31,2026-08-04,22,22
2026,7,499660,TIGER CD금리플러스액티브(합성),2026-07-31,2026-08-04,2520,2520
2026,6,0000D0,TIGER 엔비디아미국채커버드콜밸런스(합성),2026-06-30,2026-07-02,104,104
2026,6,0008S0,TIGER 미국배당다우존스타겟데일리커버드콜,2026-06-15,2026-06-17,106,106
2026,6,0046A0,TIGER 미국초단기(3개월이하)국채,2026-06-30,2026-07-02,29,29
2026,6,0052D0,TIGER 코리아배당다우존스,2026-06-15,2026-06-17,58,58
2026,6,0086B0,TIGER 리츠부동산인프라TOP10액티브,2026-06-15,2026-06-17,54,54
2026,6,0086C0,TIGER 리츠부동산인프라10채권혼합액티브,2026-06-15,2026-06-17,28,28
2026,6,0104N0,TIGER 200타겟위클리커버드콜,2026-06-15,2026-06-17,141,2
2026,6,0104P0,TIGER 코리아배당다우존스위클리커버드콜,2026-06-30,2026-07-02,104,3
2026,6,0177R0,TIGER 반도체TOP10커버드콜액티브,2026-06-15,2026-06-17,215,0
2026,6,166400,TIGER 200 커버드콜OTM,2026-06-30,2026-07-02,100,100
2026,6,182480,TIGER 미국MSCI리츠(합성 H),2026-06-30,2026-07-02,46,46
2026,6,245340,TIGER 미국다우존스30,2026-06-30,2026-07-02,58,58
2026,6,289480,TIGER 200 커버드콜,2026-06-30,2026-07-02,87,0
2026,6,329200,TIGER 리츠부동산인프라,2026-06-30,2026-07-02,33,33
2026,6,341850,TIGER 리츠부동산인프라채권,2026-06-30,2026-07-02,24,24
2026,6,429000,TIGER 미국S&P500배당귀족,2026-06-30,2026-07-02,28,28
2026,6,440340,TIGER 글로벌멀티에셋TIF액티브,2026-06-30,2026-07-02,46,46
2026,6,441680,TIGER 미국나스닥100커버드콜(합성),2026-06-30,2026-07-02,120,120
2026,6,458260,TIGER 미국투자등급회사채액티브(H),2026-06-30,2026-07-02,175,175
2026,6,458730,TIGER 미국배당다우존스,2026-06-30,2026-07-02,45,45
2026,6,458750,TIGER 미국배당다우존스타겟커버드콜1호,2026-06-15,2026-06-17,69,69
2026,6,458760,TIGER 미국배당다우존스타겟커버드콜2호,2026-06-30,2026-07-02,97,97
2026,6,465670,TIGER 미국캐시카우100,2026-06-30,2026-07-02,25,25
2026,6,466940,TIGER 은행고배당플러스TOP10,2026-06-30,2026-07-02,87,87
2026,6,472150,TIGER 배당커버드콜액티브,2026-06-30,2026-07-02,580,0
2026,6,474220,TIGER 미국테크TOP10타겟커버드콜,2026-06-15,2026-06-17,133,133
2026,6,476550,TIGER 미국30년국채커버드콜액티브(H),2026-06-30,2026-07-02,73,0
2026,6,476690,TIGER 글로벌비만치료제TOP2 Plus,2026-06-30,2026-07-02,15,15
2026,6,482730,TIGER 미국S&P500타겟데일리커버드콜,2026-06-30,2026-07-02,108,108
2026,6,486290,TIGER 미국나스닥100타겟데일리커버드콜,2026-06-30,2026-07-02,151,151
2026,6,493810,TIGER 미국AI빅테크10타겟데일리커버드콜,2026-06-15,2026-06-17,158,158
2026,6,496080,TIGER 코리아밸류업,2026-06-30,2026-07-02,28,28
2026,6,499660,TIGER CD금리플러스액티브(합성),2026-06-30,2026-07-02,2720,2720
2026,5,0000D0,TIGER 엔비디아미국채커버드콜밸런스(합성),2026-05-29,2026-06-02,103,103
2026,5,0008S0,TIGER 미국배당다우존스타겟데일리커버드콜,2026-05-15,2026-05-19,102,102
2026,5,0046A0,TIGER 미국초단기(3개월이하)국채,2026-05-29,2026-06-02,28,28
2026,5,0052D0,TIGER 코리아배당다우존스,2026-05-15,2026-05-19,58,58
2026,5,0086B0,TIGER 리츠부동산인프라TOP10액티브,2026-05-15,2026-05-19,54,54
2026,5,0086C0,TIGER 리츠부동산인프라10채권혼합액티브,2026-05-15,2026-05-19,28,28
2026,5,0104N0,TIGER 200타겟위클리커버드콜,2026-05-15,2026-05-19,137,3
2026,5,0104P0,TIGER 코리아배당다우존스위클리커버드콜,2026-05-29,2026-06-02,113,10
2026,5,0177R0,TIGER 반도체TOP10커버드콜액티브,2026-05-15,2026-05-19,170,0
2026,5,166400,TIGER 200 커버드콜OTM,2026-05-29,2026-06-02,92,92
2026,5,182480,TIGER 미국MSCI리츠(합성 H),2026-05-29,2026-06-02,19,19
2026,5,245340,TIGER 미국다우존스30,2026-05-29,2026-06-02,47,47
2026,5,289480,TIGER 200 커버드콜,2026-05-29,2026-06-02,82,2
2026,5,329200,TIGER 리츠부동산인프라,2026-05-29,2026-06-02,33,33
2026,5,341850,TIGER 리츠부동산인프라채권,2026-05-29,2026-06-02,24,24
2026,5,429000,TIGER 미국S&P500배당귀족,2026-05-29,2026-06-02,24,24
2026,5,440340,TIGER 글로벌멀티에셋TIF액티브,2026-05-29,2026-06-02,46,46
2026,5,441680,TIGER 미국나스닥100커버드콜(합성),2026-05-29,2026-06-02,117,117
2026,5,458260,TIGER 미국투자등급회사채액티브(H),2026-05-29,2026-06-02,210,0
2026,5,458730,TIGER 미국배당다우존스,2026-05-29,2026-06-02,36,36
2026,5,458750,TIGER 미국배당다우존스타겟커버드콜1호,2026-05-15,2026-05-19,62,62
2026,5,458760,TIGER 미국배당다우존스타겟커버드콜2호,2026-05-29,2026-06-02,96,96
2026,5,465670,TIGER 미국캐시카우100,2026-05-29,2026-06-02,17,17
2026,5,466940,TIGER 은행고배당플러스TOP10,2026-05-29,2026-06-02,87,87
2026,5,472150,TIGER 배당커버드콜액티브,2026-05-29,2026-06-02,510,1
2026,5,474220,TIGER 미국테크TOP10타겟커버드콜,2026-05-15,2026-05-19,138,138
2026,5,476550,TIGER 미국30년국채커버드콜액티브(H),2026-05-29,2026-06-02,72,0
2026,5,476690,TIGER 글로벌비만치료제TOP2 Plus,2026-05-29,2026-06-02,12,12
2026,5,482730,TIGER 미국S&P500타겟데일리커버드콜,2026-05-29,2026-06-02,108,108
2026,5,486290,TIGER 미국나스닥100타겟데일리커버드콜,2026-05-29,2026-06-02,153,153
2026,5,493810,TIGER 미국AI빅테크10타겟데일리커버드콜,2026-05-15,2026-05-19,162,162
2026,5,496080,TIGER 코리아밸류업,2026-05-29,2026-06-02,28,28
2026,5,499660,TIGER CD금리플러스액티브(합성),2026-05-29,2026-06-02,2270,2270
2026,4,0000D0,TIGER 엔비디아미국채커버드콜밸런스(합성),2026-04-30,2026-05-06,102,102
2026,4,0008S0,TIGER 미국배당다우존스타겟데일리커버드콜,2026-04-15,2026-04-17,101,101
2026,4,0046A0,TIGER 미국초단기(3개월이하)국채,2026-04-30,2026-05-06,27,27
2026,4,0052D0,TIGER 코리아배당다우존스,2026-04-15,2026-04-17,58,58
2026,4,0053L0,TIGER 차이나휴머노이드로봇,2026-04-30,2026-05-06,12,12
2026,4,0060H0,TIGER 토탈월드스탁액티브,2026-04-30,2026-05-06,52,52
2026,4,0086B0,TIGER 리츠부동산인프라TOP10액티브,2026-04-15,2026-04-17,54,54
2026,4,0086C0,TIGER 리츠부동산인프라10채권혼합액티브,2026-04-15,2026-04-17,28,28
2026,4,0091P0,TIGER 코리아원자력,2026-04-30,2026-05-06,35,35
2026,4,0104N0,TIGER 200타겟위클리커버드콜,2026-04-15,2026-04-17,103,43
2026,4,0104P0,TIGER 코리아배당다우존스위클리커버드콜,2026-04-30,2026-05-06,114,94
2026,4,091220,TIGER 은행,2026-04-30,2026-05-06,221,221
2026,4,091230,TIGER 반도체,2026-04-30,2026-05-06,211,134
2026,4,102110,TIGER 200,2026-04-30,2026-05-06,450,447
2026,4,105010,TIGER 라틴35,2026-04-30,2026-05-06,42,42
2026,4,133690,TIGER 미국나스닥100,2026-04-30,2026-05-06,235,235
2026,4,138520,TIGER 삼성그룹,2026-04-30,2026-05-06,185,185
2026,4,138530,TIGER LG그룹플러스,2026-04-30,2026-05-06,110,110
2026,4,138540,TIGER 현대차그룹플러스,2026-04-30,2026-05-06,960,960
2026,4,139220,TIGER 200 건설,2026-04-30,2026-05-06,65,65
2026,4,139240,TIGER 200 철강소재,2026-04-30,2026-05-06,260,185
2026,4,139250,TIGER 200 에너지화학,2026-04-30,2026-05-06,20,20
2026,4,139260,TIGER 200 IT,2026-04-30,2026-05-06,200,147
2026,4,139270,TIGER 200 금융,2026-04-30,2026-05-06,250,248
2026,4,139280,TIGER 경기방어,2026-04-30,2026-05-06,120,120
2026,4,139290,TIGER 200 경기소비재,2026-04-30,2026-05-06,200,200
2026,4,143860,TIGER 헬스케어,2026-04-30,2026-05-06,72,72
2026,4,147970,TIGER 모멘텀,2026-04-30,2026-05-06,750,750
2026,4,150460,TIGER 중국소비테마,2026-04-30,2026-05-06,100,73
2026,4,157490,TIGER 소프트웨어,2026-04-30,2026-05-06,62,28
2026,4,166400,TIGER 200 커버드콜OTM,2026-04-30,2026-05-06,90,90
2026,4,174350,TIGER 로우볼,2026-04-30,2026-05-06,525,525
2026,4,182480,TIGER 미국MSCI리츠(합성 H),2026-04-30,2026-05-06,50,50
2026,4,210780,TIGER 코스피고배당,2026-04-30,2026-05-06,742,742
2026,4,211560,TIGER 배당성장,2026-04-30,2026-05-06,751,751
2026,4,227540,TIGER 200 헬스케어,2026-04-30,2026-05-06,90,0
2026,4,227550,TIGER 200 산업재,2026-04-30,2026-05-06,270,75
2026,4,227560,TIGER 200 생활소비재,2026-04-30,2026-05-06,250,250
2026,4,227570,TIGER 우량가치,2026-04-30,2026-05-06,325,325
2026,4,228790,TIGER 화장품,2026-04-30,2026-05-06,20,7
2026,4,228800,TIGER 여행레저,2026-04-30,2026-05-06,45,27
2026,4,228810,TIGER 미디어컨텐츠,2026-04-30,2026-05-06,5,0
2026,4,228820,TIGER KTOP30,2026-04-30,2026-05-06,90,90
2026,4,232080,TIGER 코스닥150,2026-04-30,2026-05-06,40,40
2026,4,245340,TIGER 미국다우존스30,2026-04-30,2026-05-06,25,25
2026,4,245350,TIGER 유로스탁스배당30,2026-04-30,2026-05-06,110,110
2026,4,245360,TIGER 차이나HSCEI,2026-04-30,2026-05-06,15,15
2026,4,252000,TIGER 200 동일가중,2026-04-30,2026-05-06,255,255
2026,4,261060,TIGER 코스닥150 IT,2026-04-30,2026-05-06,10,0
2026,4,261070,TIGER 코스닥150 바이오테크,2026-04-30,2026-05-06,100,0
2026,4,261140,TIGER 우선주,2026-04-30,2026-05-06,315,315
2026,4,269370,TIGER S&P글로벌인프라(합성),2026-04-30,2026-05-06,101,101
2026,4,277630,TIGER 코스피,2026-04-30,2026-05-06,330,330
2026,4,277640,TIGER 코스피대형주,2026-04-30,2026-05-06,150,150
2026,4,277650,TIGER 코스피중형주,2026-04-30,2026-05-06,215,215
2026,4,289250,TIGER MSCI KOREA ESG 유니버설,2026-04-30,2026-05-06,90,90
2026,4,289260,TIGER MSCI KOREA ESG 리더스,2026-04-30,2026-05-06,45,45
2026,4,289480,TIGER 200 커버드콜,2026-04-30,2026-05-06,80,14
2026,4,292150,TIGER 코리아TOP10,2026-04-30,2026-05-06,130,130
2026,4,292160,TIGER KRX300,2026-04-30,2026-05-06,277,277
2026,4,300610,TIGER K게임,2026-04-30,2026-05-06,55,1
2026,4,305540,TIGER 2차전지테마,2026-04-30,2026-05-06,55,0
2026,4,307520,TIGER 지주회사,2026-04-30,2026-05-06,183,183
2026,4,315270,TIGER 200 커뮤니케이션서비스,2026-04-30,2026-05-06,150,149
2026,4,329200,TIGER 리츠부동산인프라,2026-04-30,2026-05-06,33,33
2026,4,341850,TIGER 리츠부동산인프라채권,2026-04-30,2026-05-06,24,24
2026,4,360750,TIGER 미국S&P500,2026-04-30,2026-05-06,62,62
2026,4,364960,TIGER BBIG,2026-04-30,2026-05-06,30,12
2026,4,364970,TIGER 바이오TOP10,2026-04-30,2026-05-06,45,0
2026,4,364990,TIGER 게임TOP10,2026-04-30,2026-05-06,45,45
2026,4,365000,TIGER 인터넷TOP10,2026-04-30,2026-05-06,25,21
2026,4,365040,TIGER AI코리아그로스액티브,2026-04-30,2026-05-06,5,5
2026,4,371160,TIGER 차이나항셍테크,2026-04-30,2026-05-06,20,0
2026,4,376410,TIGER 탄소효율그린뉴딜,2026-04-30,2026-05-06,85,85
2026,4,381180,TIGER 미국필라델피아반도체나스닥,2026-04-30,2026-05-06,46,46
2026,4,387280,TIGER 퓨처모빌리티액티브,2026-04-30,2026-05-06,5,5
2026,4,396500,TIGER 반도체TOP10,2026-04-30,2026-05-06,60,60
2026,4,400970,TIGER Fn메타버스,2026-04-30,2026-05-06,40,8
2026,4,404540,TIGER KRX기후변화솔루션,2026-04-30,2026-05-06,110,110
2026,4,417630,TIGER KEDI혁신기업ESG30,2026-04-30,2026-05-06,20,20
2026,4,423920,TIGER 미국필라델피아반도체레버리지(합성),2026-04-30,2026-05-06,92,92
2026,4,429000,TIGER 미국S&P500배당귀족,2026-04-30,2026-05-06,24,24
2026,4,435420,TIGER 미국나스닥100채권혼합50,2026-04-30,2026-05-06,50,50
2026,4,440340,TIGER 글로벌멀티에셋TIF액티브,2026-04-30,2026-05-06,46,46
2026,4,441680,TIGER 미국나스닥100커버드콜(합성),2026-04-30,2026-05-06,114,114
2026,4,445910,TIGER MKF배당귀족,2026-04-30,2026-05-06,277,277
2026,4,447770,TIGER 테슬라채권혼합Fn,2026-04-30,2026-05-06,57,57
2026,4,448290,TIGER 미국S&P500(H),2026-04-30,2026-05-06,40,40
2026,4,448300,TIGER 미국나스닥100(H),2026-04-30,2026-05-06,29,29
2026,4,453870,TIGER 인도니프티50,2026-04-30,2026-05-06,15,15
2026,4,453950,TIGER TSMC파운드리밸류체인,2026-04-30,2026-05-06,35,35
2026,4,458260,TIGER 미국투자등급회사채액티브(H),2026-04-30,2026-05-06,150,46
2026,4,458730,TIGER 미국배당다우존스,2026-04-30,2026-05-06,33,33
2026,4,458750,TIGER 미국배당다우존스타겟커버드콜1호,2026-04-15,2026-04-17,63,63
2026,4,458760,TIGER 미국배당다우존스타겟커버드콜2호,2026-04-30,2026-05-06,92,92
2026,4,461580,TIGER 코스닥글로벌,2026-04-30,2026-05-06,20,20
2026,4,462010,TIGER 2차전지소재Fn,2026-04-30,2026-05-06,10,10
2026,4,463250,TIGER K방산&우주,2026-04-30,2026-05-06,55,55
2026,4,465660,TIGER 일본반도체FACTSET,2026-04-30,2026-05-06,80,80
2026,4,465670,TIGER 미국캐시카우100,2026-04-30,2026-05-06,16,16
2026,4,466940,TIGER 은행고배당플러스TOP10,2026-04-30,2026-05-06,87,87
2026,4,471760,TIGER AI반도체핵심공정,2026-04-30,2026-05-06,5,5
2026,4,471780,TIGER 코리아테크액티브,2026-04-30,2026-05-06,5,5
2026,4,472150,TIGER 배당커버드콜액티브,2026-04-30,2026-05-06,415,25
2026,4,474220,TIGER 미국테크TOP10타겟커버드콜,2026-04-15,2026-04-17,126,126
2026,4,476550,TIGER 미국30년국채커버드콜액티브(H),2026-04-30,2026-05-06,74,0
2026,4,476690,TIGER 글로벌비만치료제TOP2 Plus,2026-04-30,2026-05-06,12,0
2026,4,479730,TIGER 인도빌리언컨슈머,2026-04-30,2026-05-06,13,13
2026,4,480310,TIGER 글로벌온디바이스AI,2026-04-30,2026-05-06,15,15
2026,4,482730,TIGER 미국S&P500타겟데일리커버드콜,2026-04-30,2026-05-06,101,101
2026,4,486290,TIGER 미국나스닥100타겟데일리커버드콜,2026-04-30,2026-05-06,138,138
2026,4,488500,TIGER 미국S&P500동일가중,2026-04-30,2026-05-06,48,48
2026,4,491830,TIGER 미국AI반도체팹리스,2026-04-30,2026-05-06,15,15
2026,4,493810,TIGER 미국AI빅테크10타겟데일리커버드콜,2026-04-15,2026-04-17,143,143
2026,4,494670,TIGER 조선TOP10,2026-04-30,2026-05-06,130,61
2026,4,494840,TIGER 미국방산TOP10,2026-04-30,2026-05-06,40,40
2026,4,496080,TIGER 코리아밸류업,2026-04-30,2026-05-06,28,28
2026,4,497570,TIGER 미국필라델피아AI반도체나스닥,2026-04-30,2026-05-06,22,22
2026,4,499660,TIGER CD금리플러스액티브(합성),2026-04-30,2026-05-06,2270,2270
2026,3,0000D0,TIGER 엔비디아미국채커버드콜밸런스(합성),2026-03-31,2026-04-02,100,100
2026,3,0008S0,TIGER 미국배당다우존스타겟데일리커버드콜,2026-03-13,2026-03-17,101,101
2026,3,0046A0,TIGER 미국초단기(3개월이하)국채,2026-03-31,2026-04-02,31,31
2026,3,0052D0,TIGER 코리아배당다우존스,2026-03-13,2026-03-17,58,58
2026,3,0086B0,TIGER 리츠부동산인프라TOP10액티브,2026-03-13,2026-03-17,54,54
2026,3,0086C0,TIGER 리츠부동산인프라10채권혼합액티브,2026-03-13,2026-03-17,28,28
2026,3,0104N0,TIGER 200타겟위클리커버드콜,2026-03-13,2026-03-17,97,32
2026,3,0104P0,TIGER 코리아배당다우존스위클리커버드콜,2026-03-31,2026-04-02,112,110
2026,3,166400,TIGER 200 커버드콜OTM,2026-03-31,2026-04-02,78,78
2026,3,182480,TIGER 미국MSCI리츠(합성 H),2026-03-31,2026-04-02,50,50
2026,3,245340,TIGER 미국다우존스30,2026-03-31,2026-04-02,59,59
2026,3,289480,TIGER 200 커버드콜,2026-03-31,2026-04-02,73,28
2026,3,329200,TIGER 리츠부동산인프라,2026-03-31,2026-04-02,33,33
2026,3,341850,TIGER 리츠부동산인프라채권,2026-03-31,2026-04-02,24,24
2026,3,429000,TIGER 미국S&P500배당귀족,2026-03-31,2026-04-02,27,27
2026,3,440340,TIGER 글로벌멀티에셋TIF액티브,2026-03-31,2026-04-02,42,42
2026,3,441680,TIGER 미국나스닥100커버드콜(합성),2026-03-31,2026-04-02,113,113
2026,3,458260,TIGER 미국투자등급회사채액티브(H),2026-03-31,2026-04-02,224,0
2026,3,458730,TIGER 미국배당다우존스,2026-03-31,2026-04-02,36,36
2026,3,458750,TIGER 미국배당다우존스타겟커버드콜1호,2026-03-13,2026-03-17,74,74
2026,3,458760,TIGER 미국배당다우존스타겟커버드콜2호,2026-03-31,2026-04-02,94,94
2026,3,465670,TIGER 미국캐시카우100,2026-03-31,2026-04-02,12,12
2026,3,466940,TIGER 은행고배당플러스TOP10,2026-03-31,2026-04-02,87,87
2026,3,472150,TIGER 배당커버드콜액티브,2026-03-31,2026-04-02,350,60
2026,3,474220,TIGER 미국테크TOP10타겟커버드콜,2026-03-13,2026-03-17,126,126
2026,3,476550,TIGER 미국30년국채커버드콜액티브(H),2026-03-31,2026-04-02,75,0
2026,3,476690,TIGER 글로벌비만치료제TOP2 Plus,2026-03-31,2026-04-02,33,33
2026,3,482730,TIGER 미국S&P500타겟데일리커버드콜,2026-03-31,2026-04-02,97,97
2026,3,486290,TIGER 미국나스닥100타겟데일리커버드콜,2026-03-31,2026-04-02,128,128
2026,3,493810,TIGER 미국AI빅테크10타겟데일리커버드콜,2026-03-13,2026-03-17,143,143
2026,3,496080,TIGER 코리아밸류업,2026-03-31,2026-04-02,28,28
2026,3,499660,TIGER CD금리플러스액티브(합성),2026-03-31,2026-04-02,2590,2590
2026,2,0000D0,TIGER 엔비디아미국채커버드콜밸런스(합성),2026-02-27,2026-03-04,100,100
2026,2,0008S0,TIGER 미국배당다우존스타겟데일리커버드콜,2026-02-13,2026-02-20,102,102
2026,2,0046A0,TIGER 미국초단기(3개월이하)국채,2026-02-27,2026-03-04,29,29
2026,2,0052D0,TIGER 코리아배당다우존스,2026-02-13,2026-02-20,51,51
2026,2,0086B0,TIGER 리츠부동산인프라TOP10액티브,2026-02-13,2026-02-20,54,54
2026,2,0086C0,TIGER 리츠부동산인프라10채권혼합액티브,2026-02-13,2026-02-20,28,28
2026,2,0104N0,TIGER 200타겟위클리커버드콜,2026-02-13,2026-02-20,92,0
2026,2,0104P0,TIGER 코리아배당다우존스위클리커버드콜,2026-02-27,2026-03-04,114,0
2026,2,166400,TIGER 200 커버드콜OTM,2026-02-27,2026-03-04,78,78
2026,2,182480,TIGER 미국MSCI리츠(합성 H),2026-02-27,2026-03-04,10,10
2026,2,245340,TIGER 미국다우존스30,2026-02-27,2026-03-04,40,40
2026,2,289480,TIGER 200 커버드콜,2026-02-27,2026-03-04,71,5
2026,2,329200,TIGER 리츠부동산인프라,2026-02-27,2026-03-04,33,33
2026,2,341850,TIGER 리츠부동산인프라채권,2026-02-27,2026-03-04,24,24
2026,2,429000,TIGER 미국S&P500배당귀족,2026-02-27,2026-03-04,24,24
2026,2,440340,TIGER 글로벌멀티에셋TIF액티브,2026-02-27,2026-03-04,40,40
2026,2,441680,TIGER 미국나스닥100커버드콜(합성),2026-02-27,2026-03-04,110,110
2026,2,458260,TIGER 미국투자등급회사채액티브(H),2026-02-27,2026-03-04,196,196
2026,2,458730,TIGER 미국배당다우존스,2026-02-27,2026-03-04,38,38
2026,2,458750,TIGER 미국배당다우존스타겟커버드콜1호,2026-02-13,2026-02-20,62,62
2026,2,458760,TIGER 미국배당다우존스타겟커버드콜2호,2026-02-27,2026-03-04,94,94
2026,2,465670,TIGER 미국캐시카우100,2026-02-27,2026-03-04,21,21
2026,2,466940,TIGER 은행고배당플러스TOP10,2026-02-27,2026-03-04,87,61
2026,2,472150,TIGER 배당커버드콜액티브,2026-02-27,2026-03-04,375,1
2026,2,474220,TIGER 미국테크TOP10타겟커버드콜,2026-02-13,2026-02-20,129,129
2026,2,476550,TIGER 미국30년국채커버드콜액티브(H),2026-02-27,2026-03-04,77,0
2026,2,476690,TIGER 글로벌비만치료제TOP2 Plus,2026-02-27,2026-03-04,12,12
2026,2,482730,TIGER 미국S&P500타겟데일리커버드콜,2026-02-27,2026-03-04,97,97
2026,2,486290,TIGER 미국나스닥100타겟데일리커버드콜,2026-02-27,2026-03-04,127,127
2026,2,493810,TIGER 미국AI빅테크10타겟데일리커버드콜,2026-02-13,2026-02-20,148,148
2026,2,496080,TIGER 코리아밸류업,2026-02-27,2026-03-04,28,28
2026,2,499660,TIGER CD금리플러스액티브(합성),2026-02-27,2026-03-04,2140,2140
2026,1,0000D0,TIGER 엔비디아미국채커버드콜밸런스(합성),2026-01-30,2026-02-03,99,99
2026,1,0008S0,TIGER 미국배당다우존스타겟데일리커버드콜,2026-01-15,2026-01-19,95,95
2026,1,0046A0,TIGER 미국초단기(3개월이하)국채,2026-01-30,2026-02-03,25,25
2026,1,0052D0,TIGER 코리아배당다우존스,2026-01-15,2026-01-19,51,51
2026,1,0053L0,TIGER 차이나휴머노이드로봇,2026-01-30,2026-02-03,12,12
2026,1,0060H0,TIGER 토탈월드스탁액티브,2026-01-30,2026-02-03,52,52
2026,1,0067V0,TIGER 차이나글로벌리더스TOP3+,2026-01-30,2026-02-03,146,146
2026,1,0086B0,TIGER 리츠부동산인프라TOP10액티브,2026-01-15,2026-01-19,54,54
2026,1,0086C0,TIGER 리츠부동산인프라10채권혼합액티브,2026-01-15,2026-01-19,28,28
2026,1,0104N0,TIGER 200타겟위클리커버드콜,2026-01-15,2026-01-19,80,24
2026,1,0104P0,TIGER 코리아배당다우존스위클리커버드콜,2026-01-30,2026-02-03,103,103
2026,1,091220,TIGER 은행,2026-01-30,2026-02-03,88,88
2026,1,091230,TIGER 반도체,2026-01-30,2026-02-03,56,56
2026,1,102110,TIGER 200,2026-01-30,2026-02-03,200,190
2026,1,105010,TIGER 라틴35,2026-01-30,2026-02-03,60,60
2026,1,133690,TIGER 미국나스닥100,2026-01-30,2026-02-03,225,225
2026,1,139260,TIGER 200 IT,2026-01-30,2026-02-03,43,43
2026,1,139270,TIGER 200 금융,2026-01-30,2026-02-03,48,48
2026,1,166400,TIGER 200 커버드콜OTM,2026-01-30,2026-02-03,75,75
2026,1,182480,TIGER 미국MSCI리츠(합성 H),2026-01-30,2026-02-03,42,42
2026,1,210780,TIGER 코스피고배당,2026-01-30,2026-02-03,47,47
2026,1,245340,TIGER 미국다우존스30,2026-01-30,2026-02-03,22,22
2026,1,245350,TIGER 유로스탁스배당30,2026-01-30,2026-02-03,60,60
2026,1,245360,TIGER 차이나HSCEI,2026-01-30,2026-02-03,65,65
2026,1,269370,TIGER S&P글로벌인프라(합성),2026-01-30,2026-02-03,120,120
2026,1,277630,TIGER 코스피,2026-01-30,2026-02-03,50,50
2026,1,289480,TIGER 200 커버드콜,2026-01-30,2026-02-03,70,19
2026,1,292150,TIGER 코리아TOP10,2026-01-30,2026-02-03,52,52
2026,1,292160,TIGER KRX300,2026-01-30,2026-02-03,48,48
2026,1,329200,TIGER 리츠부동산인프라,2026-01-30,2026-02-03,33,33
2026,1,341850,TIGER 리츠부동산인프라채권,2026-01-30,2026-02-03,24,24
2026,1,360750,TIGER 미국S&P500,2026-01-30,2026-02-03,65,65
2026,1,371160,TIGER 차이나항셍테크,2026-01-30,2026-02-03,10,0
2026,1,376410,TIGER 탄소효율그린뉴딜,2026-01-30,2026-02-03,24,24
2026,1,381180,TIGER 미국필라델피아반도체나스닥,2026-01-30,2026-02-03,37,37
2026,1,404540,TIGER KRX기후변화솔루션,2026-01-30,2026-02-03,20,20
2026,1,423920,TIGER 미국필라델피아반도체레버리지(합성),2026-01-30,2026-02-03,78,78
2026,1,429000,TIGER 미국S&P500배당귀족,2026-01-30,2026-02-03,16,16
2026,1,435420,TIGER 미국나스닥100채권혼합50,2026-01-30,2026-02-03,59,59
2026,1,440340,TIGER 글로벌멀티에셋TIF액티브,2026-01-30,2026-02-03,35,35
2026,1,441680,TIGER 미국나스닥100커버드콜(합성),2026-01-30,2026-02-03,112,112
2026,1,445910,TIGER MKF배당귀족,2026-01-30,2026-02-03,19,19
2026,1,447770,TIGER 테슬라채권혼합Fn,2026-01-30,2026-02-03,68,68
2026,1,448290,TIGER 미국S&P500(H),2026-01-30,2026-02-03,41,41
2026,1,448300,TIGER 미국나스닥100(H),2026-01-30,2026-02-03,27,27
2026,1,453870,TIGER 인도니프티50,2026-01-30,2026-02-03,40,40
2026,1,458260,TIGER 미국투자등급회사채액티브(H),2026-01-30,2026-02-03,170,170
2026,1,458730,TIGER 미국배당다우존스,2026-01-30,2026-02-03,32,32
2026,1,458750,TIGER 미국배당다우존스타겟커버드콜1호,2026-01-15,2026-01-19,58,58
2026,1,458760,TIGER 미국배당다우존스타겟커버드콜2호,2026-01-30,2026-02-03,88,88
2026,1,465660,TIGER 일본반도체FACTSET,2026-01-30,2026-02-03,100,100
2026,1,465670,TIGER 미국캐시카우100,2026-01-30,2026-02-03,16,16
2026,1,466940,TIGER 은행고배당플러스TOP10,2026-01-30,2026-02-03,73,73
2026,1,472150,TIGER 배당커버드콜액티브,2026-01-30,2026-02-03,320,27
2026,1,474220,TIGER 미국테크TOP10타겟커버드콜,2026-01-15,2026-01-19,134,134
2026,1,476550,TIGER 미국30년국채커버드콜액티브(H),2026-01-30,2026-02-03,77,0
2026,1,476690,TIGER 글로벌비만치료제TOP2 Plus,2026-01-30,2026-02-03,12,12
2026,1,479730,TIGER 인도빌리언컨슈머,2026-01-30,2026-02-03,15,15
2026,1,480310,TIGER 글로벌온디바이스AI,2026-01-30,2026-02-03,8,8
2026,1,482730,TIGER 미국S&P500타겟데일리커버드콜,2026-01-30,2026-02-03,100,100
2026,1,486290,TIGER 미국나스닥100타겟데일리커버드콜,2026-01-30,2026-02-03,134,134
2026,1,488500,TIGER 미국S&P500동일가중,2026-01-30,2026-02-03,42,42
2026,1,491830,TIGER 미국AI반도체팹리스,2026-01-30,2026-02-03,15,15
2026,1,493810,TIGER 미국AI빅테크10타겟데일리커버드콜,2026-01-15,2026-01-19,154,154
2026,1,494840,TIGER 미국방산TOP10,2026-01-30,2026-02-03,40,40
2026,1,496080,TIGER 코리아밸류업,2026-01-30,2026-02-03,24,24
2026,1,497570,TIGER 미국필라델피아AI반도체나스닥,2026-01-30,2026-02-03,15,15
2026,1,499660,TIGER CD금리플러스액티브(합성),2026-01-30,2026-02-03,2260,2260
2025,12,0000D0,TIGER 엔비디아미국채커버드콜밸런스(합성),2025-12-30,2026-01-05,101,101
2025,12,0008S0,TIGER 미국배당다우존스타겟데일리커버드콜,2025-12-15,2025-12-17,91,91
2025,12,0015K0,TIGER 미국소비트렌드액티브,2025-12-30,2026-01-05,50,0
2025,12,0025N0,TIGER TDF2045 적격,2025-12-30,2026-01-05,140,140
2025,12,0046A0,TIGER 미국초단기(3개월이하)국채,2025-12-30,2026-01-05,27,27
2025,12,0052D0,TIGER 코리아배당다우존스,2025-12-15,2025-12-17,50,6
2025,12,0072R0,TIGER KRX금현물,2025-12-30,2026-01-05,1,1
2025,12,0086B0,TIGER 리츠부동산인프라TOP10액티브,2025-12-15,2025-12-17,54,54
2025,12,0086C0,TIGER 리츠부동산인프라10채권혼합액티브,2025-12-15,2025-12-17,28,28
2025,12,0102A0,TIGER 미국AI소프트웨어TOP4Plus,2025-12-30,2026-01-05,7,7
2025,12,0104N0,TIGER 200타겟위클리커버드콜,2025-12-15,2025-12-17,72,4
2025,12,0104P0,TIGER 코리아배당다우존스위클리커버드콜,2025-12-30,2026-01-05,100,1
2025,12,0123G0,TIGER 미국AI전력SMR,2025-12-30,2026-01-05,4,0
2025,12,0142D0,TIGER 미국AI데이터센터TOP4Plus,2025-12-30,2026-01-05,2,0
2025,12,117690,TIGER 차이나항셍30,2025-12-30,2026-01-05,660,660
2025,12,123320,TIGER 레버리지,2025-12-30,2026-01-05,300,300
2025,12,130680,TIGER 원유선물Enhanced(H),2025-12-30,2026-01-05,27,0
2025,12,137610,TIGER 농산물선물Enhanced(H),2025-12-30,2026-01-05,49,0
2025,12,139320,TIGER 금은선물(H),2025-12-30,2026-01-05,56,56
2025,12,143850,TIGER 미국S&P500 선물(H),2025-12-30,2026-01-05,785,785
2025,12,160580,TIGER 구리실물,2025-12-30,2026-01-05,2,2
2025,12,166400,TIGER 200 커버드콜OTM,2025-12-30,2026-01-05,68,68
2025,12,182480,TIGER 미국MSCI리츠(합성 H),2025-12-30,2026-01-05,50,50
2025,12,192090,TIGER 차이나CSI300,2025-12-30,2026-01-05,310,310
2025,12,195920,TIGER 일본TOPIX (합성 H),2025-12-30,2026-01-05,50,50
2025,12,195930,TIGER 유로스탁스50 (합성 H),2025-12-30,2026-01-05,40,40
2025,12,203780,TIGER 미국나스닥바이오,2025-12-30,2026-01-05,160,160
2025,12,204480,TIGER 차이나CSI300 레버리지(합성),2025-12-30,2026-01-05,220,220
2025,12,217770,TIGER 원유선물인버스(H),2025-12-30,2026-01-05,20,0
2025,12,217780,TIGER 차이나CSI300 인버스(합성),2025-12-30,2026-01-05,185,0
2025,12,225030,TIGER 미국S&P500 선물인버스(H),2025-12-30,2026-01-05,56,0
2025,12,225040,TIGER 미국S&P500 레버리지(합성 H),2025-12-30,2026-01-05,510,510
2025,12,225050,TIGER 유로스탁스50 레버리지(합성H),2025-12-30,2026-01-05,230,230
2025,12,225060,TIGER 이머징마켓MSCI 레버리지(합성H),2025-12-30,2026-01-05,116,116
2025,12,233160,TIGER 코스닥150 레버리지,2025-12-30,2026-01-05,27,27
2025,12,236350,TIGER 인도니프티50 레버리지(합성),2025-12-30,2026-01-05,1065,1065
2025,12,241180,TIGER 일본니케이225,2025-12-30,2026-01-05,350,350
2025,12,243880,TIGER 200 IT레버리지,2025-12-30,2026-01-05,453,453
2025,12,243890,TIGER 200 에너지화학레버리지,2025-12-30,2026-01-05,50,50
2025,12,245340,TIGER 미국다우존스30,2025-12-30,2026-01-05,55,55
2025,12,248270,TIGER S&P 글로벌헬스케어(합성),2025-12-30,2026-01-05,71,71
2025,12,261110,TIGER 미국달러선물레버리지,2025-12-30,2026-01-05,248,248
2025,12,261120,TIGER 미국달러선물인버스2X,2025-12-30,2026-01-05,56,0
2025,12,267770,TIGER 200 선물레버리지,2025-12-30,2026-01-05,295,295
2025,12,275980,TIGER 글로벌4차산업혁신기술(합성 H),2025-12-30,2026-01-05,137,137
2025,12,276000,TIGER 글로벌자원생산기업(합성 H),2025-12-30,2026-01-05,23,23
2025,12,289480,TIGER 200 커버드콜,2025-12-30,2026-01-05,67,2
2025,12,292560,TIGER 일본엔선물,2025-12-30,2026-01-05,170,0
2025,12,319640,TIGER 골드선물(H),2025-12-30,2026-01-05,272,272
2025,12,329200,TIGER 리츠부동산인프라,2025-12-30,2026-01-05,33,33
2025,12,341850,TIGER 리츠부동산인프라채권,2025-12-30,2026-01-05,24,24
2025,12,371450,TIGER 글로벌클라우드컴퓨팅INDXX,2025-12-30,2026-01-05,47,47
2025,12,371460,TIGER 차이나전기차 SOLACTIVE,2025-12-30,2026-01-05,140,140
2025,12,371470,TIGER 차이나바이오테크 SOLACTIVE,2025-12-30,2026-01-05,60,0
2025,12,381170,TIGER 미국테크TOP10 INDXX,2025-12-30,2026-01-05,77,77
2025,12,387270,TIGER 글로벌이노베이션액티브,2025-12-30,2026-01-05,100,100
2025,12,394660,TIGER 글로벌자율주행&전기차 SOLACTIVE,2025-12-30,2026-01-05,141,141
2025,12,394670,TIGER 글로벌리튬&2차전지SOLACTIVE(합성),2025-12-30,2026-01-05,10,10
2025,12,396510,TIGER 차이나클린에너지SOLACTIVE,2025-12-30,2026-01-05,110,0
2025,12,396520,TIGER 차이나반도체FACTSET,2025-12-30,2026-01-05,25,0
2025,12,412560,TIGER BBIG 레버리지,2025-12-30,2026-01-05,9,0
2025,12,412570,TIGER 2차전지TOP10레버리지,2025-12-30,2026-01-05,5,0
2025,12,412770,TIGER 글로벌AI플랫폼액티브,2025-12-30,2026-01-05,40,40
2025,12,414780,TIGER 차이나과창판STAR50(합성),2025-12-30,2026-01-05,20,20
2025,12,418660,TIGER 미국나스닥100레버리지(합성),2025-12-30,2026-01-05,380,380
2025,12,418670,TIGER 글로벌AI사이버보안,2025-12-30,2026-01-05,33,33
2025,12,429000,TIGER 미국S&P500배당귀족,2025-12-30,2026-01-05,25,25
2025,12,429010,TIGER 미국나스닥넥스트100,2025-12-30,2026-01-05,108,108
2025,12,438320,TIGER 차이나항셍테크레버리지(합성H),2025-12-30,2026-01-05,50,0
2025,12,440340,TIGER 글로벌멀티에셋TIF액티브,2025-12-30,2026-01-05,35,35
2025,12,441680,TIGER 미국나스닥100커버드콜(합성),2025-12-30,2026-01-05,112,112
2025,12,449680,TIGER 한중전기차(합성),2025-12-30,2026-01-05,6,6
2025,12,449690,TIGER 한중반도체(합성),2025-12-30,2026-01-05,13,13
2025,12,456680,TIGER 차이나전기차레버리지(합성),2025-12-30,2026-01-05,90,0
2025,12,458260,TIGER 미국투자등급회사채액티브(H),2025-12-30,2026-01-05,180,180
2025,12,458730,TIGER 미국배당다우존스,2025-12-30,2026-01-05,40,40
2025,12,458750,TIGER 미국배당다우존스타겟커버드콜1호,2025-12-15,2025-12-17,73,73
2025,12,458760,TIGER 미국배당다우존스타겟커버드콜2호,2025-12-30,2026-01-05,88,88
2025,12,464310,TIGER 글로벌AI&로보틱스INDXX,2025-12-30,2026-01-05,89,89
2025,12,464930,TIGER 글로벌혁신블루칩TOP10,2025-12-30,2026-01-05,150,150
2025,12,465670,TIGER 미국캐시카우100,2025-12-30,2026-01-05,35,35
2025,12,466940,TIGER 은행고배당플러스TOP10,2025-12-30,2026-01-05,72,72
2025,12,466950,TIGER 글로벌AI액티브,2025-12-30,2026-01-05,50,50
2025,12,472150,TIGER 배당커버드콜액티브,2025-12-30,2026-01-05,270,0
2025,12,472160,TIGER 미국테크TOP10INDXX(H),2025-12-30,2026-01-05,45,45
2025,12,474220,TIGER 미국테크TOP10타겟커버드콜,2025-12-15,2025-12-17,136,136
2025,12,476550,TIGER 미국30년국채커버드콜액티브(H),2025-12-30,2026-01-05,77,0
2025,12,476690,TIGER 글로벌비만치료제TOP2 Plus,2025-12-30,2026-01-05,12,12
2025,12,482730,TIGER 미국S&P500타겟데일리커버드콜,2025-12-30,2026-01-05,99,99
2025,12,486290,TIGER 미국나스닥100타겟데일리커버드콜,2025-12-30,2026-01-05,136,136
2025,12,488080,TIGER 반도체TOP10레버리지,2025-12-30,2026-01-05,6,0
2025,12,490090,TIGER 미국AI빅테크10,2025-12-30,2026-01-05,37,37
2025,12,491010,TIGER 글로벌AI전력인프라액티브,2025-12-30,2026-01-05,20,20
2025,12,493810,TIGER 미국AI빅테크10타겟데일리커버드콜,2025-12-15,2025-12-17,157,157
2025,12,496080,TIGER 코리아밸류업,2025-12-30,2026-01-05,20,20
2025,12,499660,TIGER CD금리플러스액티브(합성),2025-12-30,2026-01-05,2580,2475
2025,11,0000D0,TIGER 엔비디아미국채커버드콜밸런스(합성),2025-11-28,2025-12-02,104,104
2025,11,0008S0,TIGER 미국배당다우존스타겟데일리커버드콜,2025-11-14,2025-11-18,89,0
2025,11,0043B0,TIGER 머니마켓액티브,2025-11-28,2025-12-02,721,721
2025,11,0046A0,TIGER 미국초단기(3개월이하)국채,2025-11-28,2025-12-02,27,27
2025,11,0052D0,TIGER 코리아배당다우존스,2025-11-14,2025-11-18,50,10
2025,11,0086B0,TIGER 리츠부동산인프라TOP10액티브,2025-11-14,2025-11-18,54,36
2025,11,0086C0,TIGER 리츠부동산인프라10채권혼합액티브,2025-11-14,2025-11-18,28,22
2025,11,0104N0,TIGER 200타겟위클리커버드콜,2025-11-14,2025-11-18,71,2
2025,11,0104P0,TIGER 코리아배당다우존스위클리커버드콜,2025-11-28,2025-12-02,98,9
2025,11,114820,TIGER 국채3년,2025-11-28,2025-12-02,553,553
2025,11,157450,TIGER 단기통안채,2025-11-28,2025-12-02,1131,1131
2025,11,166400,TIGER 200 커버드콜OTM,2025-11-28,2025-12-02,63,63
2025,11,182480,TIGER 미국MSCI리츠(합성 H),2025-11-28,2025-12-02,20,20
2025,11,182490,TIGER 단기선진하이일드(합성 H),2025-11-28,2025-12-02,46,46
2025,11,237440,TIGER 경기방어채권혼합,2025-11-28,2025-12-02,42,42
2025,11,245340,TIGER 미국다우존스30,2025-11-28,2025-12-02,36,36
2025,11,272580,TIGER 단기채권액티브,2025-11-28,2025-12-02,437,437
2025,11,289480,TIGER 200 커버드콜,2025-11-28,2025-12-02,62,4
2025,11,302190,TIGER 중장기국채,2025-11-28,2025-12-02,515,515
2025,11,305080,TIGER 미국채10년선물,2025-11-28,2025-12-02,65,65
2025,11,329200,TIGER 리츠부동산인프라,2025-11-28,2025-12-02,33,33
2025,11,329750,TIGER 미국달러단기채권액티브,2025-11-28,2025-12-02,106,106
2025,11,341850,TIGER 리츠부동산인프라채권,2025-11-28,2025-12-02,24,24
2025,11,357870,TIGER CD금리투자KIS(합성),2025-11-28,2025-12-02,65,65
2025,11,429000,TIGER 미국S&P500배당귀족,2025-11-28,2025-12-02,20,20
2025,11,438330,TIGER 우량회사채액티브,2025-11-28,2025-12-02,232,232
2025,11,440340,TIGER 글로벌멀티에셋TIF액티브,2025-11-28,2025-12-02,30,30
2025,11,441680,TIGER 미국나스닥100커버드콜(합성),2025-11-28,2025-12-02,111,111
2025,11,449170,TIGER KOFR금리액티브(합성),2025-11-28,2025-12-02,680,680
2025,11,451530,TIGER 국고채30년스트립액티브,2025-11-28,2025-12-02,612,612
2025,11,451540,TIGER 종합채권(AA-이상)액티브,2025-11-28,2025-12-02,700,700
2025,11,456610,TIGER 미국달러SOFR금리액티브(합성),2025-11-28,2025-12-02,41,41
2025,11,458250,TIGER 미국30년국채스트립액티브(합성H),2025-11-28,2025-12-02,187,0
2025,11,458260,TIGER 미국투자등급회사채액티브(H),2025-11-28,2025-12-02,220,220
2025,11,458730,TIGER 미국배당다우존스,2025-11-28,2025-12-02,38,38
2025,11,458750,TIGER 미국배당다우존스타겟커버드콜1호,2025-11-14,2025-11-18,50,50
2025,11,458760,TIGER 미국배당다우존스타겟커버드콜2호,2025-11-28,2025-12-02,87,87
2025,11,465670,TIGER 미국캐시카우100,2025-11-28,2025-12-02,26,26
2025,11,466940,TIGER 은행고배당플러스TOP10,2025-11-28,2025-12-02,72,72
2025,11,472150,TIGER 배당커버드콜액티브,2025-11-28,2025-12-02,255,6
2025,11,472170,TIGER미국테크TOP10채권혼합,2025-11-28,2025-12-02,51,51
2025,11,474220,TIGER 미국테크TOP10타겟커버드콜,2025-11-14,2025-11-18,137,137
2025,11,475630,TIGER CD1년금리액티브(합성),2025-11-28,2025-12-02,6133,6133
2025,11,476550,TIGER 미국30년국채커버드콜액티브(H),2025-11-28,2025-12-02,80,0
2025,11,476690,TIGER 글로벌비만치료제TOP2 Plus,2025-11-28,2025-12-02,12,12
2025,11,480260,TIGER 27-04회사채(A+이상)액티브,2025-11-28,2025-12-02,581,581
2025,11,482730,TIGER 미국S&P500타겟데일리커버드콜,2025-11-28,2025-12-02,99,99
2025,11,486290,TIGER 미국나스닥100타겟데일리커버드콜,2025-11-28,2025-12-02,135,135
2025,11,493810,TIGER 미국AI빅테크10타겟데일리커버드콜,2025-11-14,2025-11-18,158,158
2025,11,496080,TIGER 코리아밸류업,2025-11-28,2025-12-02,20,20
2025,11,499660,TIGER CD금리플러스액티브(합성),2025-11-28,2025-12-02,2040,2040
2025,10,0000D0,TIGER 엔비디아미국채커버드콜밸런스(합성),2025-10-31,2025-11-04,105,105
2025,10,0008S0,TIGER 미국배당다우존스타겟데일리커버드콜,2025-10-15,2025-10-17,87,0
2025,10,0046A0,TIGER 미국초단기(3개월이하)국채,2025-10-31,2025-11-04,35,35
2025,10,0047A0,TIGER 차이나테크TOP10,2025-10-31,2025-11-04,30,30
2025,10,0052D0,TIGER 코리아배당다우존스,2025-10-15,2025-10-17,50,0
2025,10,0053L0,TIGER 차이나휴머노이드로봇,2025-10-31,2025-11-04,14,14
2025,10,0060H0,TIGER 토탈월드스탁액티브,2025-10-31,2025-11-04,50,50
2025,10,0067Y0,TIGER 차이나AI소프트웨어,2025-10-31,2025-11-04,12,12
2025,10,0086B0,TIGER 리츠부동산인프라TOP10액티브,2025-10-15,2025-10-17,54,0
2025,10,0086C0,TIGER 리츠부동산인프라10채권혼합액티브,2025-10-15,2025-10-17,28,2
2025,10,0104N0,TIGER 200타겟위클리커버드콜,2025-10-15,2025-10-17,62,9
2025,10,0104P0,TIGER 코리아배당다우존스위클리커버드콜,2025-10-31,2025-11-04,98,0
2025,10,091220,TIGER 은행,2025-10-31,2025-11-04,95,95
2025,10,091230,TIGER 반도체,2025-10-31,2025-11-04,55,7
2025,10,102110,TIGER 200,2025-10-31,2025-11-04,145,131
2025,10,105010,TIGER 라틴35,2025-10-31,2025-11-04,45,45
2025,10,133690,TIGER 미국나스닥100,2025-10-31,2025-11-04,222,222
2025,10,138520,TIGER 삼성그룹,2025-10-31,2025-11-04,20,20
2025,10,138530,TIGER LG그룹플러스,2025-10-31,2025-11-04,30,30
2025,10,138540,TIGER 현대차그룹플러스,2025-10-31,2025-11-04,130,130
2025,10,139230,TIGER 200 중공업,2025-10-31,2025-11-04,25,7
2025,10,139240,TIGER 200 철강소재,2025-10-31,2025-11-04,40,40
2025,10,139250,TIGER 200 에너지화학,2025-10-31,2025-11-04,20,20
2025,10,139260,TIGER 200 IT,2025-10-31,2025-11-04,85,46
2025,10,139270,TIGER 200 금융,2025-10-31,2025-11-04,60,46
2025,10,139280,TIGER 경기방어,2025-10-31,2025-11-04,45,38
2025,10,139290,TIGER 200 경기소비재,2025-10-31,2025-11-04,80,80
2025,10,147970,TIGER 모멘텀,2025-10-31,2025-11-04,120,120
2025,10,150460,TIGER 중국소비테마,2025-10-31,2025-11-04,15,0
2025,10,166400,TIGER 200 커버드콜OTM,2025-10-31,2025-11-04,67,67
2025,10,174350,TIGER 로우볼,2025-10-31,2025-11-04,25,25
2025,10,182480,TIGER 미국MSCI리츠(합성 H),2025-10-31,2025-11-04,45,45
2025,10,210780,TIGER 코스피고배당,2025-10-31,2025-11-04,70,70
2025,10,211560,TIGER 배당성장,2025-10-31,2025-11-04,90,71
2025,10,227560,TIGER 200 생활소비재,2025-10-31,2025-11-04,45,18
2025,10,228790,TIGER 화장품,2025-10-31,2025-11-04,9,0
2025,10,228820,TIGER KTOP30,2025-10-31,2025-11-04,23,23
2025,10,245340,TIGER 미국다우존스30,2025-10-31,2025-11-04,22,22
2025,10,245350,TIGER 유로스탁스배당30,2025-10-31,2025-11-04,70,70
2025,10,245360,TIGER 차이나HSCEI,2025-10-31,2025-11-04,70,70
2025,10,252000,TIGER 200 동일가중,2025-10-31,2025-11-04,35,35
2025,10,261140,TIGER 우선주,2025-10-31,2025-11-04,60,60
2025,10,269370,TIGER S&P글로벌인프라(합성),2025-10-31,2025-11-04,100,100
2025,10,277630,TIGER 코스피,2025-10-31,2025-11-04,95,95
2025,10,277640,TIGER 코스피대형주,2025-10-31,2025-11-04,30,30
2025,10,289250,TIGER MSCI KOREA ESG 유니버설,2025-10-31,2025-11-04,32,32
2025,10,289260,TIGER MSCI KOREA ESG 리더스,2025-10-31,2025-11-04,20,20
2025,10,289480,TIGER 200 커버드콜,2025-10-31,2025-11-04,70,8
2025,10,292150,TIGER 코리아TOP10,2025-10-31,2025-11-04,55,55
2025,10,292160,TIGER KRX300,2025-10-31,2025-11-04,65,65
2025,10,307520,TIGER 지주회사,2025-10-31,2025-11-04,45,36
2025,10,315270,TIGER 200 커뮤니케이션서비스,2025-10-31,2025-11-04,70,49
2025,10,329200,TIGER 리츠부동산인프라,2025-10-31,2025-11-04,33,33
2025,10,341850,TIGER 리츠부동산인프라채권,2025-10-31,2025-11-04,24,24
2025,10,360750,TIGER 미국S&P500,2025-10-31,2025-11-04,60,60
2025,10,371160,TIGER 차이나항셍테크,2025-10-31,2025-11-04,15,0
2025,10,376410,TIGER 탄소효율그린뉴딜,2025-10-31,2025-11-04,30,30
2025,10,381180,TIGER 미국필라델피아반도체나스닥,2025-10-31,2025-11-04,37,37
2025,10,396500,TIGER 반도체TOP10,2025-10-31,2025-11-04,15,15
2025,10,404540,TIGER KRX기후변화솔루션,2025-10-31,2025-11-04,25,25
2025,10,417630,TIGER KEDI혁신기업ESG30,2025-10-31,2025-11-04,25,25
2025,10,423920,TIGER 미국필라델피아반도체레버리지(합성),2025-10-31,2025-11-04,36,36
2025,10,429000,TIGER 미국S&P500배당귀족,2025-10-31,2025-11-04,20,20
2025,10,435420,TIGER 미국나스닥100채권혼합50,2025-10-31,2025-11-04,9,9
2025,10,438330,TIGER 우량회사채액티브,2025-10-31,2025-11-04,235,235
2025,10,440340,TIGER 글로벌멀티에셋TIF액티브,2025-10-31,2025-11-04,35,35
2025,10,441680,TIGER 미국나스닥100커버드콜(합성),2025-10-31,2025-11-04,109,109
2025,10,445910,TIGER MKF배당귀족,2025-10-31,2025-11-04,75,62
2025,10,447770,TIGER 테슬라채권혼합Fn,2025-10-31,2025-11-04,10,10
2025,10,448290,TIGER 미국S&P500(H),2025-10-31,2025-11-04,40,40
2025,10,448300,TIGER 미국나스닥100(H),2025-10-31,2025-11-04,28,28
2025,10,453870,TIGER 인도니프티50,2025-10-31,2025-11-04,35,35
2025,10,453950,TIGER TSMC파운드리밸류체인,2025-10-31,2025-11-04,70,70
2025,10,458260,TIGER 미국투자등급회사채액티브(H),2025-10-31,2025-11-04,191,191
2025,10,458730,TIGER 미국배당다우존스,2025-10-31,2025-11-04,30,30
2025,10,458750,TIGER 미국배당다우존스타겟커버드콜1호,2025-10-15,2025-10-17,63,63
2025,10,458760,TIGER 미국배당다우존스타겟커버드콜2호,2025-10-31,2025-11-04,83,83
2025,10,465660,TIGER 일본반도체FACTSET,2025-10-31,2025-11-04,15,15
2025,10,465670,TIGER 미국캐시카우100,2025-10-31,2025-11-04,15,15
2025,10,466940,TIGER 은행고배당플러스TOP10,2025-10-31,2025-11-04,72,72
2025,10,472150,TIGER 배당커버드콜액티브,2025-10-31,2025-11-04,273,9
2025,10,474220,TIGER 미국테크TOP10타겟커버드콜,2025-10-15,2025-10-17,126,126
2025,10,476550,TIGER 미국30년국채커버드콜액티브(H),2025-10-31,2025-11-04,82,0
2025,10,476690,TIGER 글로벌비만치료제TOP2 Plus,2025-10-31,2025-11-04,12,0
2025,10,479730,TIGER 인도빌리언컨슈머,2025-10-31,2025-11-04,21,21
2025,10,480310,TIGER 글로벌온디바이스AI,2025-10-31,2025-11-04,19,19
2025,10,482730,TIGER 미국S&P500타겟데일리커버드콜,2025-10-31,2025-11-04,100,100
2025,10,486290,TIGER 미국나스닥100타겟데일리커버드콜,2025-10-31,2025-11-04,138,138
2025,10,488500,TIGER 미국S&P500동일가중,2025-10-31,2025-11-04,44,44
2025,10,491830,TIGER 미국AI반도체팹리스,2025-10-31,2025-11-04,13,13
2025,10,493810,TIGER 미국AI빅테크10타겟데일리커버드콜,2025-10-15,2025-10-17,150,150
2025,10,494670,TIGER 조선TOP10,2025-10-31,2025-11-04,55,0
2025,10,494840,TIGER 미국방산TOP10,2025-10-31,2025-11-04,36,36
2025,10,496080,TIGER 코리아밸류업,2025-10-31,2025-11-04,20,20
2025,10,497570,TIGER 미국필라델피아AI반도체나스닥,2025-10-31,2025-11-04,16,16
2025,10,499660,TIGER CD금리플러스액티브(합성),2025-10-31,2025-11-04,2140,2140
2025,9,0000D0,TIGER 엔비디아미국채커버드콜밸런스(합성),2025-09-30,2025-10-02,99,99
2025,9,0008S0,TIGER 미국배당다우존스타겟데일리커버드콜,2025-09-15,2025-09-17,88,0
2025,9,0046A0,TIGER 미국초단기(3개월이하)국채,2025-09-30,2025-10-02,32,0
2025,9,0052D0,TIGER 코리아배당다우존스,2025-09-15,2025-09-17,48,32
2025,9,0086B0,TIGER 리츠부동산인프라TOP10액티브,2025-09-15,2025-09-17,54,0
2025,9,0086C0,TIGER 리츠부동산인프라10채권혼합액티브,2025-09-15,2025-09-17,27,0
2025,9,114820,TIGER 국채3년,2025-09-09,2025-09-11,459,459
2025,9,166400,TIGER 200 커버드콜OTM,2025-09-30,2025-10-02,63,63
2025,9,182480,TIGER 미국MSCI리츠(합성 H),2025-09-30,2025-10-02,46,46
2025,9,245340,TIGER 미국다우존스30,2025-09-30,2025-10-02,48,48
2025,9,289480,TIGER 200 커버드콜,2025-09-30,2025-10-02,64,3
2025,9,329200,TIGER 리츠부동산인프라,2025-09-30,2025-10-02,33,33
2025,9,341850,TIGER 리츠부동산인프라채권,2025-09-30,2025-10-02,24,24
2025,9,429000,TIGER 미국S&P500배당귀족,2025-09-30,2025-10-02,23,23
2025,9,438330,TIGER 우량회사채액티브,2025-09-30,2025-10-02,235,235
2025,9,440340,TIGER 글로벌멀티에셋TIF액티브,2025-09-30,2025-10-02,33,33
2025,9,441680,TIGER 미국나스닥100커버드콜(합성),2025-09-30,2025-10-02,103,103
2025,9,458260,TIGER 미국투자등급회사채액티브(H),2025-09-30,2025-10-02,215,215
2025,9,458730,TIGER 미국배당다우존스,2025-09-30,2025-10-02,38,38
2025,9,458750,TIGER 미국배당다우존스타겟커버드콜1호,2025-09-15,2025-09-17,68,68
2025,9,458760,TIGER 미국배당다우존스타겟커버드콜2호,2025-09-30,2025-10-02,86,19
2025,9,465670,TIGER 미국캐시카우100,2025-09-30,2025-10-02,30,30
2025,9,466940,TIGER 은행고배당플러스TOP10,2025-09-30,2025-10-02,72,72
2025,9,472150,TIGER 배당커버드콜액티브,2025-09-30,2025-10-02,249,3
2025,9,474220,TIGER 미국테크TOP10타겟커버드콜,2025-09-15,2025-09-17,122,122
2025,9,476550,TIGER 미국30년국채커버드콜액티브(H),2025-09-30,2025-10-02,80,0
2025,9,476690,TIGER 글로벌비만치료제TOP2 Plus,2025-09-30,2025-10-02,10,0
2025,9,482730,TIGER 미국S&P500타겟데일리커버드콜,2025-09-30,2025-10-02,95,95
2025,9,486290,TIGER 미국나스닥100타겟데일리커버드콜,2025-09-30,2025-10-02,130,130
2025,9,493810,TIGER 미국AI빅테크10타겟데일리커버드콜,2025-09-15,2025-09-17,140,140
2025,9,496080,TIGER 코리아밸류업,2025-09-30,2025-10-02,20,20
2025,9,499660,TIGER CD금리플러스액티브(합성),2025-09-30,2025-10-02,2280,2237
2025,8,0000D0,TIGER 엔비디아미국채커버드콜밸런스(합성),2025-08-29,2025-09-02,98,98
2025,8,0008S0,TIGER 미국배당다우존스타겟데일리커버드콜,2025-08-14,2025-08-19,88,0
2025,8,0046A0,TIGER 미국초단기(3개월이하)국채,2025-08-29,2025-09-02,32,0
2025,8,0052D0,TIGER 코리아배당다우존스,2025-08-14,2025-08-19,48,20
2025,8,166400,TIGER 200 커버드콜OTM,2025-08-29,2025-09-02,57,57
2025,8,182480,TIGER 미국MSCI리츠(합성 H),2025-08-29,2025-09-02,23,23
2025,8,245340,TIGER 미국다우존스30,2025-08-29,2025-09-02,40,40
2025,8,289480,TIGER 200 커버드콜,2025-08-29,2025-09-02,61,9
2025,8,329200,TIGER 리츠부동산인프라,2025-08-29,2025-09-02,33,33
2025,8,341850,TIGER 리츠부동산인프라채권,2025-08-29,2025-09-02,24,24
2025,8,429000,TIGER 미국S&P500배당귀족,2025-08-29,2025-09-02,22,22
2025,8,438330,TIGER 우량회사채액티브,2025-08-29,2025-09-02,235,235
2025,8,440340,TIGER 글로벌멀티에셋TIF액티브,2025-08-29,2025-09-02,29,29
2025,8,441680,TIGER 미국나스닥100커버드콜(합성),2025-08-29,2025-09-02,101,101
2025,8,458260,TIGER 미국투자등급회사채액티브(H),2025-08-29,2025-09-02,200,200
2025,8,458730,TIGER 미국배당다우존스,2025-08-29,2025-09-02,35,35
2025,8,458750,TIGER 미국배당다우존스타겟커버드콜1호,2025-08-14,2025-08-19,51,51
2025,8,458760,TIGER 미국배당다우존스타겟커버드콜2호,2025-08-29,2025-09-02,86,86
2025,8,465670,TIGER 미국캐시카우100,2025-08-29,2025-09-02,25,25
2025,8,466940,TIGER 은행고배당플러스TOP10,2025-08-29,2025-09-02,70,70
2025,8,472150,TIGER 배당커버드콜액티브,2025-08-29,2025-09-02,230,15
2025,8,474220,TIGER 미국테크TOP10타겟커버드콜,2025-08-14,2025-08-19,120,120
2025,8,476550,TIGER 미국30년국채커버드콜액티브(H),2025-08-29,2025-09-02,79,0
2025,8,476690,TIGER 글로벌비만치료제TOP2 Plus,2025-08-29,2025-09-02,15,0
2025,8,482730,TIGER 미국S&P500타겟데일리커버드콜,2025-08-29,2025-09-02,93,93
2025,8,486290,TIGER 미국나스닥100타겟데일리커버드콜,2025-08-29,2025-09-02,125,125
2025,8,493810,TIGER 미국AI빅테크10타겟데일리커버드콜,2025-08-14,2025-08-19,138,138
2025,8,496080,TIGER 코리아밸류업,2025-08-29,2025-09-02,20,20
2025,8,499660,TIGER CD금리플러스액티브(합성),2025-08-29,2025-09-02,2080,2068
2025,7,0000D0,TIGER 엔비디아미국채커버드콜밸런스(합성),2025-07-31,2025-08-04,97,97
2025,7,0008S0,TIGER 미국배당다우존스타겟데일리커버드콜,2025-07-15,2025-07-17,88,0
2025,7,0046A0,TIGER 미국초단기(3개월이하)국채,2025-07-31,2025-08-04,35,0
2025,7,0047A0,TIGER 차이나테크TOP10,2025-07-31,2025-08-04,18,18
2025,7,0052D0,TIGER 코리아배당다우존스,2025-07-15,2025-07-17,48,0
2025,7,0053L0,TIGER 차이나휴머노이드로봇,2025-07-31,2025-08-04,12,12
2025,7,0060H0,TIGER 토탈월드스탁액티브,2025-07-31,2025-08-04,50,50
2025,7,091220,TIGER 은행,2025-07-31,2025-08-04,70,70
2025,7,091230,TIGER 반도체,2025-07-31,2025-08-04,55,27
2025,7,102110,TIGER 200,2025-07-31,2025-08-04,131,111
2025,7,105010,TIGER 라틴35,2025-07-31,2025-08-04,50,50
2025,7,133690,TIGER 미국나스닥100,2025-07-31,2025-08-04,207,207
2025,7,139250,TIGER 200 에너지화학,2025-07-31,2025-08-04,20,20
2025,7,139260,TIGER 200 IT,2025-07-31,2025-08-04,50,15
2025,7,139270,TIGER 200 금융,2025-07-31,2025-08-04,55,46
2025,7,139280,TIGER 경기방어,2025-07-31,2025-08-04,25,25
2025,7,166400,TIGER 200 커버드콜OTM,2025-07-31,2025-08-04,57,57
2025,7,174350,TIGER 로우볼,2025-07-31,2025-08-04,40,15
2025,7,182480,TIGER 미국MSCI리츠(합성 H),2025-07-31,2025-08-04,42,42
2025,7,210780,TIGER 코스피고배당,2025-07-31,2025-08-04,45,45
2025,7,211560,TIGER 배당성장,2025-07-31,2025-08-04,55,50
2025,7,227560,TIGER 200 생활소비재,2025-07-31,2025-08-04,15,8
2025,7,228820,TIGER KTOP30,2025-07-31,2025-08-04,25,25
2025,7,245340,TIGER 미국다우존스30,2025-07-31,2025-08-04,20,20
2025,7,245350,TIGER 유로스탁스배당30,2025-07-31,2025-08-04,480,480
2025,7,245360,TIGER 차이나HSCEI,2025-07-31,2025-08-04,180,180
2025,7,252000,TIGER 200 동일가중,2025-07-31,2025-08-04,25,25
2025,7,261140,TIGER 우선주,2025-07-31,2025-08-04,45,45
2025,7,269370,TIGER S&P글로벌인프라(합성),2025-07-31,2025-08-04,80,80
2025,7,277630,TIGER 코스피,2025-07-31,2025-08-04,60,60
2025,7,277640,TIGER 코스피대형주,2025-07-31,2025-08-04,15,15
2025,7,289250,TIGER MSCI KOREA ESG 유니버설,2025-07-31,2025-08-04,25,25
2025,7,289480,TIGER 200 커버드콜,2025-07-31,2025-08-04,61,10
2025,7,292150,TIGER 코리아TOP10,2025-07-31,2025-08-04,55,55
2025,7,292160,TIGER KRX300,2025-07-31,2025-08-04,50,50
2025,7,307520,TIGER 지주회사,2025-07-31,2025-08-04,45,36
2025,7,315270,TIGER 200 커뮤니케이션서비스,2025-07-31,2025-08-04,65,65
2025,7,329200,TIGER 리츠부동산인프라,2025-07-31,2025-08-04,33,33
2025,7,341850,TIGER 리츠부동산인프라채권,2025-07-31,2025-08-04,24,24
2025,7,360750,TIGER 미국S&P500,2025-07-31,2025-08-04,58,58
2025,7,371160,TIGER 차이나항셍테크,2025-07-31,2025-08-04,35,0
2025,7,376410,TIGER 탄소효율그린뉴딜,2025-07-31,2025-08-04,30,30
2025,7,381180,TIGER 미국필라델피아반도체나스닥,2025-07-31,2025-08-04,37,37
2025,7,404540,TIGER KRX기후변화솔루션,2025-07-31,2025-08-04,20,20
2025,7,423920,TIGER 미국필라델피아반도체레버리지(합성),2025-07-31,2025-08-04,10,10
2025,7,429000,TIGER 미국S&P500배당귀족,2025-07-31,2025-08-04,20,20
2025,7,435420,TIGER 미국나스닥100채권혼합50,2025-07-31,2025-08-04,50,50
2025,7,438330,TIGER 우량회사채액티브,2025-07-31,2025-08-04,235,235
2025,7,440340,TIGER 글로벌멀티에셋TIF액티브,2025-07-31,2025-08-04,39,39
2025,7,441680,TIGER 미국나스닥100커버드콜(합성),2025-07-31,2025-08-04,101,101
2025,7,445910,TIGER MKF배당귀족,2025-07-31,2025-08-04,65,63
2025,7,447770,TIGER 테슬라채권혼합Fn,2025-07-31,2025-08-04,72,72
2025,7,448290,TIGER 미국S&P500(H),2025-07-31,2025-08-04,40,40
2025,7,448300,TIGER 미국나스닥100(H),2025-07-31,2025-08-04,27,27
2025,7,453870,TIGER 인도니프티50,2025-07-31,2025-08-04,21,21
2025,7,458260,TIGER 미국투자등급회사채액티브(H),2025-07-31,2025-08-04,150,150
2025,7,458730,TIGER 미국배당다우존스,2025-07-31,2025-08-04,30,30
2025,7,458750,TIGER 미국배당다우존스타겟커버드콜1호,2025-07-15,2025-07-17,53,53
2025,7,458760,TIGER 미국배당다우존스타겟커버드콜2호,2025-07-31,2025-08-04,86,36
2025,7,465660,TIGER 일본반도체FACTSET,2025-07-31,2025-08-04,10,10
2025,7,465670,TIGER 미국캐시카우100,2025-07-31,2025-08-04,34,34
2025,7,466940,TIGER 은행고배당플러스TOP10,2025-07-31,2025-08-04,68,68
2025,7,472150,TIGER 배당커버드콜액티브,2025-07-31,2025-08-04,238,9
2025,7,474220,TIGER 미국테크TOP10타겟커버드콜,2025-07-15,2025-07-17,111,111
2025,7,476550,TIGER 미국30년국채커버드콜액티브(H),2025-07-31,2025-08-04,79,0
2025,7,476690,TIGER 글로벌비만치료제TOP2 Plus,2025-07-31,2025-08-04,12,0
2025,7,479730,TIGER 인도빌리언컨슈머,2025-07-31,2025-08-04,20,20
2025,7,480310,TIGER 글로벌온디바이스AI,2025-07-31,2025-08-04,8,8
2025,7,482730,TIGER 미국S&P500타겟데일리커버드콜,2025-07-31,2025-08-04,92,92
2025,7,486290,TIGER 미국나스닥100타겟데일리커버드콜,2025-07-31,2025-08-04,125,125
2025,7,488500,TIGER 미국S&P500동일가중,2025-07-31,2025-08-04,41,41
2025,7,491830,TIGER 미국AI반도체팹리스,2025-07-31,2025-08-04,13,13
2025,7,493810,TIGER 미국AI빅테크10타겟데일리커버드콜,2025-07-15,2025-07-17,128,128
2025,7,494840,TIGER 미국방산TOP10,2025-07-31,2025-08-04,43,43
2025,7,496080,TIGER 코리아밸류업,2025-07-31,2025-08-04,20,20
2025,7,497570,TIGER 미국필라델피아AI반도체나스닥,2025-07-31,2025-08-04,16,16
2025,7,499660,TIGER CD금리플러스액티브(합성),2025-07-31,2025-08-04,2400,2346
2025,6,0000D0,TIGER 엔비디아미국채커버드콜밸런스(합성),2025-06-30,2025-07-02,92,0
2025,6,0008S0,TIGER 미국배당다우존스타겟데일리커버드콜,2025-06-13,2025-06-17,87,0
2025,6,0046A0,TIGER 미국초단기(3개월이하)국채,2025-06-30,2025-07-02,30,0
2025,6,114820,TIGER 국채3년,2025-06-09,2025-06-11,1771,1771
2025,6,166400,TIGER 200 커버드콜OTM,2025-06-30,2025-07-02,56,56
2025,6,182480,TIGER 미국MSCI리츠(합성 H),2025-06-30,2025-07-02,45,45
2025,6,237440,TIGER 경기방어채권혼합,2025-06-09,2025-06-11,89,89
2025,6,245340,TIGER 미국다우존스30,2025-06-30,2025-07-02,45,45
2025,6,289480,TIGER 200 커버드콜,2025-06-30,2025-07-02,61,3
2025,6,329200,TIGER 리츠부동산인프라,2025-06-30,2025-07-02,33,33
2025,6,341850,TIGER 리츠부동산인프라채권,2025-06-30,2025-07-02,24,24
2025,6,429000,TIGER 미국S&P500배당귀족,2025-06-30,2025-07-02,22,22
2025,6,438330,TIGER 우량회사채액티브,2025-06-30,2025-07-02,235,235
2025,6,440340,TIGER 글로벌멀티에셋TIF액티브,2025-06-30,2025-07-02,45,45
2025,6,441680,TIGER 미국나스닥100커버드콜(합성),2025-06-30,2025-07-02,99,99
2025,6,458260,TIGER 미국투자등급회사채액티브(H),2025-06-30,2025-07-02,195,195
2025,6,458730,TIGER 미국배당다우존스,2025-06-30,2025-07-02,34,34
2025,6,458750,TIGER 미국배당다우존스타겟커버드콜1호,2025-06-13,2025-06-17,70,70
2025,6,458760,TIGER 미국배당다우존스타겟커버드콜2호,2025-06-30,2025-07-02,85,0
2025,6,465670,TIGER 미국캐시카우100,2025-06-30,2025-07-02,26,26
2025,6,466940,TIGER 은행고배당플러스TOP10,2025-06-30,2025-07-02,68,68
2025,6,472150,TIGER 배당커버드콜액티브,2025-06-30,2025-07-02,73,4
2025,6,474220,TIGER 미국테크TOP10타겟커버드콜,2025-06-13,2025-06-17,106,106
2025,6,476550,TIGER 미국30년국채커버드콜액티브(H),2025-06-30,2025-07-02,81,0
2025,6,476690,TIGER 글로벌비만치료제TOP2 Plus,2025-06-30,2025-07-02,15,0
2025,6,482730,TIGER 미국S&P500타겟데일리커버드콜,2025-06-30,2025-07-02,87,87
2025,6,486290,TIGER 미국나스닥100타겟데일리커버드콜,2025-06-30,2025-07-02,119,119
2025,6,493810,TIGER 미국AI빅테크10타겟데일리커버드콜,2025-06-13,2025-06-17,121,121
2025,6,496080,TIGER 코리아밸류업,2025-06-30,2025-07-02,20,20
2025,6,499660,TIGER CD금리플러스액티브(합성),2025-06-30,2025-07-02,2100,2052
2025,5,0000D0,TIGER 엔비디아미국채커버드콜밸런스(합성),2025-05-30,2025-06-04,89,0
2025,5,0008S0,TIGER 미국배당다우존스타겟데일리커버드콜,2025-05-15,2025-05-19,90,0
2025,5,0046A0,TIGER 미국초단기(3개월이하)국채,2025-05-30,2025-06-04,35,0
2025,5,166400,TIGER 200 커버드콜OTM,2025-05-30,2025-06-04,52,52
2025,5,182480,TIGER 미국MSCI리츠(합성 H),2025-05-30,2025-06-04,23,23
2025,5,245340,TIGER 미국다우존스30,2025-05-30,2025-06-04,37,37
2025,5,289480,TIGER 200 커버드콜,2025-05-30,2025-06-04,60,6
2025,5,329200,TIGER 리츠부동산인프라,2025-05-30,2025-06-04,33,33
2025,5,341850,TIGER 리츠부동산인프라채권,2025-05-30,2025-06-04,24,24
2025,5,429000,TIGER 미국S&P500배당귀족,2025-05-30,2025-06-04,22,22
2025,5,438330,TIGER 우량회사채액티브,2025-05-30,2025-06-04,240,240
2025,5,440340,TIGER 글로벌멀티에셋TIF액티브,2025-05-30,2025-06-04,45,45
2025,5,441680,TIGER 미국나스닥100커버드콜(합성),2025-05-30,2025-06-04,98,98
2025,5,458260,TIGER 미국투자등급회사채액티브(H),2025-05-30,2025-06-04,195,0
2025,5,458730,TIGER 미국배당다우존스,2025-05-30,2025-06-04,39,39
2025,5,458750,TIGER 미국배당다우존스타겟커버드콜1호,2025-05-15,2025-05-19,50,50
2025,5,458760,TIGER 미국배당다우존스타겟커버드콜2호,2025-05-30,2025-06-04,86,0
2025,5,465670,TIGER 미국캐시카우100,2025-05-30,2025-06-04,20,20
2025,5,466940,TIGER 은행고배당플러스TOP10,2025-05-30,2025-06-04,68,68
2025,5,472150,TIGER 배당커버드콜액티브,2025-05-30,2025-06-04,73,9
2025,5,474220,TIGER 미국테크TOP10타겟커버드콜,2025-05-15,2025-05-19,106,106
2025,5,476550,TIGER 미국30년국채커버드콜액티브(H),2025-05-30,2025-06-04,81,0
2025,5,476690,TIGER 글로벌비만치료제TOP2 Plus,2025-05-30,2025-06-04,14,0
2025,5,482730,TIGER 미국S&P500타겟데일리커버드콜,2025-05-30,2025-06-04,88,88
2025,5,486290,TIGER 미국나스닥100타겟데일리커버드콜,2025-05-30,2025-06-04,117,0
2025,5,493810,TIGER 미국AI빅테크10타겟데일리커버드콜,2025-05-15,2025-05-19,119,0
2025,5,496080,TIGER 코리아밸류업,2025-05-30,2025-06-04,20,20
2025,5,499660,TIGER CD금리플러스액티브(합성),2025-05-30,2025-06-04,2600,2599
2025,4,0000D0,TIGER 엔비디아미국채커버드콜밸런스(합성),2025-04-30,2025-05-07,89,0
2025,4,0008S0,TIGER 미국배당다우존스타겟데일리커버드콜,2025-04-15,2025-04-17,92,0
2025,4,091220,TIGER 은행,2025-04-30,2025-05-07,205,205
2025,4,091230,TIGER 반도체,2025-04-30,2025-05-07,240,240
2025,4,102110,TIGER 200,2025-04-30,2025-05-07,404,403
2025,4,105010,TIGER 라틴35,2025-04-30,2025-05-07,40,40
2025,4,133690,TIGER 미국나스닥100,2025-04-30,2025-05-07,389,389
2025,4,138520,TIGER 삼성그룹,2025-04-30,2025-05-07,210,210
2025,4,138530,TIGER LG그룹플러스,2025-04-30,2025-05-07,160,156
2025,4,138540,TIGER 현대차그룹플러스,2025-04-30,2025-05-07,700,700
2025,4,139220,TIGER 200 건설,2025-04-30,2025-05-07,50,47
2025,4,139230,TIGER 200 중공업,2025-04-30,2025-05-07,50,50
2025,4,139240,TIGER 200 철강소재,2025-04-30,2025-05-07,160,160
2025,4,139250,TIGER 200 에너지화학,2025-04-30,2025-05-07,165,165
2025,4,139260,TIGER 200 IT,2025-04-30,2025-05-07,260,247
2025,4,139270,TIGER 200 금융,2025-04-30,2025-05-07,230,197
2025,4,139280,TIGER 경기방어,2025-04-30,2025-05-07,95,95
2025,4,139290,TIGER 200 경기소비재,2025-04-30,2025-05-07,500,500
2025,4,143860,TIGER 헬스케어,2025-04-30,2025-05-07,10,10
2025,4,147970,TIGER 모멘텀,2025-04-30,2025-05-07,750,750
2025,4,150460,TIGER 중국소비테마,2025-04-30,2025-05-07,65,52
2025,4,157490,TIGER 소프트웨어,2025-04-30,2025-05-07,45,14
2025,4,157500,TIGER 증권,2025-04-30,2025-05-07,265,214
2025,4,166400,TIGER 200 커버드콜OTM,2025-04-30,2025-05-07,50,50
2025,4,174350,TIGER 로우볼,2025-04-30,2025-05-07,525,525
2025,4,182480,TIGER 미국MSCI리츠(합성 H),2025-04-30,2025-05-07,35,35
2025,4,210780,TIGER 코스피고배당,2025-04-30,2025-05-07,470,470
2025,4,211560,TIGER 배당성장,2025-04-30,2025-05-07,785,785
2025,4,227540,TIGER 200 헬스케어,2025-04-30,2025-05-07,65,0
2025,4,227550,TIGER 200 산업재,2025-04-30,2025-05-07,155,142
2025,4,227560,TIGER 200 생활소비재,2025-04-30,2025-05-07,140,140
2025,4,227570,TIGER 우량가치,2025-04-30,2025-05-07,325,325
2025,4,228790,TIGER 화장품,2025-04-30,2025-05-07,10,0
2025,4,228800,TIGER 여행레저,2025-04-30,2025-05-07,45,26
2025,4,228810,TIGER 미디어컨텐츠,2025-04-30,2025-05-07,5,0
2025,4,228820,TIGER KTOP30,2025-04-30,2025-05-07,90,90
2025,4,232080,TIGER 코스닥150,2025-04-30,2025-05-07,35,35
2025,4,245340,TIGER 미국다우존스30,2025-04-30,2025-05-07,22,22
2025,4,245350,TIGER 유로스탁스배당30,2025-04-30,2025-05-07,54,54
2025,4,245360,TIGER 차이나HSCEI,2025-04-30,2025-05-07,55,55
2025,4,252000,TIGER 200 동일가중,2025-04-30,2025-05-07,255,255
2025,4,261060,TIGER 코스닥150 IT,2025-04-30,2025-05-07,155,53
2025,4,261070,TIGER 코스닥150 바이오테크,2025-04-30,2025-05-07,40,0
2025,4,261140,TIGER 우선주,2025-04-30,2025-05-07,315,315
2025,4,269370,TIGER S&P글로벌인프라(합성),2025-04-30,2025-05-07,80,80
2025,4,277630,TIGER 코스피,2025-04-30,2025-05-07,330,330
2025,4,277640,TIGER 코스피대형주,2025-04-30,2025-05-07,150,150
2025,4,277650,TIGER 코스피중형주,2025-04-30,2025-05-07,215,215
2025,4,289250,TIGER MSCI KOREA ESG 유니버설,2025-04-30,2025-05-07,90,90
2025,4,289260,TIGER MSCI KOREA ESG 리더스,2025-04-30,2025-05-07,45,45
2025,4,289480,TIGER 200 커버드콜,2025-04-30,2025-05-07,59,26
2025,4,292150,TIGER 코리아TOP10,2025-04-30,2025-05-07,130,130
2025,4,292160,TIGER KRX300,2025-04-30,2025-05-07,161,161
2025,4,300610,TIGER K게임,2025-04-30,2025-05-07,15,5
2025,4,305540,TIGER 2차전지테마,2025-04-30,2025-05-07,10,0
2025,4,307510,TIGER 의료기기,2025-04-30,2025-05-07,205,0
2025,4,307520,TIGER 지주회사,2025-04-30,2025-05-07,215,215
2025,4,315270,TIGER 200 커뮤니케이션서비스,2025-04-30,2025-05-07,195,195
2025,4,329200,TIGER 리츠부동산인프라,2025-04-30,2025-05-07,33,33
2025,4,341850,TIGER 리츠부동산인프라채권,2025-04-30,2025-05-07,24,24
2025,4,360750,TIGER 미국S&P500,2025-04-30,2025-05-07,80,80
2025,4,364960,TIGER BBIG,2025-04-30,2025-05-07,10,0
2025,4,364970,TIGER 바이오TOP10,2025-04-30,2025-05-07,10,0
2025,4,364980,TIGER 2차전지TOP10,2025-04-30,2025-05-07,40,40
2025,4,364990,TIGER 게임TOP10,2025-04-30,2025-05-07,10,10
2025,4,365000,TIGER 인터넷TOP10,2025-04-30,2025-05-07,10,4
2025,4,365040,TIGER AI코리아그로스액티브,2025-04-30,2025-05-07,5,5
2025,4,371160,TIGER 차이나항셍테크,2025-04-30,2025-05-07,20,0
2025,4,376410,TIGER 탄소효율그린뉴딜,2025-04-30,2025-05-07,85,85
2025,4,377990,TIGER Fn신재생에너지,2025-04-30,2025-05-07,55,49
2025,4,381180,TIGER 미국필라델피아반도체나스닥,2025-04-30,2025-05-07,20,20
2025,4,387280,TIGER 퓨처모빌리티액티브,2025-04-30,2025-05-07,5,5
2025,4,396500,TIGER 반도체TOP10,2025-04-30,2025-05-07,60,60
2025,4,400970,TIGER Fn메타버스,2025-04-30,2025-05-07,20,3
2025,4,404540,TIGER KRX기후변화솔루션,2025-04-30,2025-05-07,80,80
2025,4,417630,TIGER KEDI혁신기업ESG30,2025-04-30,2025-05-07,80,80
2025,4,423920,TIGER 미국필라델피아반도체레버리지(합성),2025-04-30,2025-05-07,20,20
2025,4,429000,TIGER 미국S&P500배당귀족,2025-04-30,2025-05-07,23,23
2025,4,435420,TIGER 미국나스닥100채권혼합50,2025-04-30,2025-05-07,10,10
2025,4,438330,TIGER 우량회사채액티브,2025-04-30,2025-05-07,236,236
2025,4,440340,TIGER 글로벌멀티에셋TIF액티브,2025-04-30,2025-05-07,33,33
2025,4,441680,TIGER 미국나스닥100커버드콜(합성),2025-04-30,2025-05-07,102,102
2025,4,445910,TIGER MKF배당귀족,2025-04-30,2025-05-07,265,265
2025,4,447770,TIGER 테슬라채권혼합Fn,2025-04-30,2025-05-07,12,12
2025,4,448290,TIGER 미국S&P500(H),2025-04-30,2025-05-07,39,39
2025,4,448300,TIGER 미국나스닥100(H),2025-04-30,2025-05-07,26,26
2025,4,453870,TIGER 인도니프티50,2025-04-30,2025-05-07,30,30
2025,4,453950,TIGER TSMC파운드리밸류체인,2025-04-30,2025-05-07,35,35
2025,4,458260,TIGER 미국투자등급회사채액티브(H),2025-04-30,2025-05-07,205,96
2025,4,458730,TIGER 미국배당다우존스,2025-04-30,2025-05-07,26,26
2025,4,458750,TIGER 미국배당다우존스타겟커버드콜1호,2025-04-15,2025-04-17,56,56
2025,4,458760,TIGER 미국배당다우존스타겟커버드콜2호,2025-04-30,2025-05-07,82,40
2025,4,461580,TIGER 코스닥글로벌,2025-04-30,2025-05-07,30,30
2025,4,462010,TIGER 2차전지소재Fn,2025-04-30,2025-05-07,5,0
2025,4,463250,TIGER K방산&우주,2025-04-30,2025-05-07,15,15
2025,4,465660,TIGER 일본반도체FACTSET,2025-04-30,2025-05-07,10,10
2025,4,465670,TIGER 미국캐시카우100,2025-04-30,2025-05-07,30,30
2025,4,466940,TIGER 은행고배당플러스TOP10,2025-04-30,2025-05-07,68,68
2025,4,471760,TIGER AI반도체핵심공정,2025-04-30,2025-05-07,115,43
2025,4,471780,TIGER 코리아테크액티브,2025-04-30,2025-05-07,5,5
2025,4,472150,TIGER 배당커버드콜액티브,2025-04-30,2025-05-07,73,35
2025,4,474220,TIGER 미국테크TOP10타겟커버드콜,2025-04-15,2025-04-17,105,105
2025,4,476550,TIGER 미국30년국채커버드콜액티브(H),2025-04-30,2025-05-07,82,0
2025,4,476690,TIGER 글로벌비만치료제TOP2 Plus,2025-04-30,2025-05-07,16,0
2025,4,479730,TIGER 인도빌리언컨슈머,2025-04-30,2025-05-07,24,24
2025,4,480310,TIGER 글로벌온디바이스AI,2025-04-30,2025-05-07,20,0
2025,4,482730,TIGER 미국S&P500타겟데일리커버드콜,2025-04-30,2025-05-07,84,84
2025,4,486290,TIGER 미국나스닥100타겟데일리커버드콜,2025-04-30,2025-05-07,111,0
2025,4,488500,TIGER 미국S&P500동일가중,2025-04-30,2025-05-07,43,43
2025,4,491830,TIGER 미국AI반도체팹리스,2025-04-30,2025-05-07,13,0
2025,4,493810,TIGER 미국AI빅테크10타겟데일리커버드콜,2025-04-15,2025-04-17,115,0
2025,4,494670,TIGER 조선TOP10,2025-04-30,2025-05-07,50,49
2025,4,494840,TIGER 미국방산TOP10,2025-04-30,2025-05-07,27,27
2025,4,496080,TIGER 코리아밸류업,2025-04-30,2025-05-07,20,20
2025,4,497570,TIGER 미국필라델피아AI반도체나스닥,2025-04-30,2025-05-07,17,0
2025,4,499660,TIGER CD금리플러스액티브(합성),2025-04-30,2025-05-07,2160,2160
2025,3,0000D0,TIGER 엔비디아미국채커버드콜밸런스(합성),2025-03-31,2025-04-02,96,0
2025,3,0008S0,TIGER 미국배당다우존스타겟데일리커버드콜,2025-03-14,2025-03-18,100,0
2025,3,114820,TIGER 국채3년,2025-03-07,2025-03-11,1050,1050
2025,3,166400,TIGER 200 커버드콜OTM,2025-03-31,2025-04-02,42,42
2025,3,182480,TIGER 미국MSCI리츠(합성 H),2025-03-31,2025-04-02,43,43
2025,3,245340,TIGER 미국다우존스30,2025-03-31,2025-04-02,52,52
2025,3,289480,TIGER 200 커버드콜,2025-03-31,2025-04-02,61,56
2025,3,329200,TIGER 리츠부동산인프라,2025-03-31,2025-04-02,33,33
2025,3,341850,TIGER 리츠부동산인프라채권,2025-03-31,2025-04-02,24,24
2025,3,429000,TIGER 미국S&P500배당귀족,2025-03-31,2025-04-02,24,24
2025,3,440340,TIGER 글로벌멀티에셋TIF액티브,2025-03-31,2025-04-02,39,39
2025,3,441680,TIGER 미국나스닥100커버드콜(합성),2025-03-31,2025-04-02,109,109
2025,3,458260,TIGER 미국투자등급회사채액티브(H),2025-03-31,2025-04-02,205,205
2025,3,458730,TIGER 미국배당다우존스,2025-03-31,2025-04-02,40,40
2025,3,458750,TIGER 미국배당다우존스타겟커버드콜1호,2025-03-14,2025-03-18,70,70
2025,3,458760,TIGER 미국배당다우존스타겟커버드콜2호,2025-03-31,2025-04-02,96,96
2025,3,465670,TIGER 미국캐시카우100,2025-03-31,2025-04-02,30,30
2025,3,466940,TIGER 은행고배당플러스TOP10,2025-03-31,2025-04-02,68,68
2025,3,472150,TIGER 배당커버드콜액티브,2025-03-31,2025-04-02,100,88
2025,3,474220,TIGER 미국테크TOP10타겟커버드콜,2025-03-14,2025-03-18,106,106
2025,3,476550,TIGER 미국30년국채커버드콜액티브(H),2025-03-31,2025-04-02,85,0
2025,3,476690,TIGER 글로벌비만치료제TOP2 Plus,2025-03-31,2025-04-02,18,0
2025,3,482730,TIGER 미국S&P500타겟데일리커버드콜,2025-03-31,2025-04-02,91,91
2025,3,486290,TIGER 미국나스닥100타겟데일리커버드콜,2025-03-31,2025-04-02,121,0
2025,3,493810,TIGER 미국AI빅테크10타겟데일리커버드콜,2025-03-14,2025-03-18,118,0
2025,3,496080,TIGER 코리아밸류업,2025-03-31,2025-04-02,20,20
2025,3,499660,TIGER CD금리플러스액티브(합성),2025-03-31,2025-04-02,2390,2363
2025,2,0000D0,TIGER 엔비디아미국채커버드콜밸런스(합성),2025-02-28,2025-03-05,97,0
2025,2,0008S0,TIGER 미국배당다우존스타겟데일리커버드콜,2025-02-14,2025-02-18,99,0
2025,2,166400,TIGER 200 커버드콜OTM,2025-02-28,2025-03-05,31,31
2025,2,182480,TIGER 미국MSCI리츠(합성 H),2025-02-28,2025-03-05,35,35
2025,2,245340,TIGER 미국다우존스30,2025-02-28,2025-03-05,37,37
2025,2,289480,TIGER 200 커버드콜,2025-02-28,2025-03-05,59,3
2025,2,329200,TIGER 리츠부동산인프라,2025-02-28,2025-03-05,41,41
2025,2,341850,TIGER 리츠부동산인프라채권,2025-02-28,2025-03-05,31,31
2025,2,429000,TIGER 미국S&P500배당귀족,2025-02-28,2025-03-05,23,23
2025,2,440340,TIGER 글로벌멀티에셋TIF액티브,2025-02-28,2025-03-05,31,31
2025,2,441680,TIGER 미국나스닥100커버드콜(합성),2025-02-28,2025-03-05,114,114
2025,2,458260,TIGER 미국투자등급회사채액티브(H),2025-02-28,2025-03-05,205,205
2025,2,458730,TIGER 미국배당다우존스,2025-02-28,2025-03-05,35,35
2025,2,458750,TIGER 미국배당다우존스타겟커버드콜1호,2025-02-14,2025-02-18,60,60
2025,2,458760,TIGER 미국배당다우존스타겟커버드콜2호,2025-02-28,2025-03-05,98,98
2025,2,465670,TIGER 미국캐시카우100,2025-02-28,2025-03-05,23,23
2025,2,466940,TIGER 은행고배당플러스TOP10,2025-02-28,2025-03-05,73,16
2025,2,472150,TIGER 배당커버드콜액티브,2025-02-28,2025-03-05,72,1
2025,2,474220,TIGER 미국테크TOP10타겟커버드콜,2025-02-14,2025-02-18,121,121
2025,2,476550,TIGER 미국30년국채커버드콜액티브(H),2025-02-28,2025-03-05,86,0
2025,2,476690,TIGER 글로벌비만치료제TOP2 Plus,2025-02-28,2025-03-05,25,25
2025,2,482730,TIGER 미국S&P500타겟데일리커버드콜,2025-02-28,2025-03-05,92,92
2025,2,486290,TIGER 미국나스닥100타겟데일리커버드콜,2025-02-28,2025-03-05,125,125
2025,2,493810,TIGER 미국AI빅테크10타겟데일리커버드콜,2025-02-14,2025-02-18,139,139
2025,2,496080,TIGER 코리아밸류업,2025-02-28,2025-03-05,20,20
2025,2,499660,TIGER CD금리플러스액티브(합성),2025-02-28,2025-03-05,2873,2873
2025,1,0000D0,TIGER 엔비디아미국채커버드콜밸런스(합성),2025-01-31,2025-02-04,101,101
2025,1,091220,TIGER 은행,2025-01-31,2025-02-04,51,51
2025,1,102110,TIGER 200,2025-01-31,2025-02-04,210,162
2025,1,105010,TIGER 라틴35,2025-01-31,2025-02-04,30,0
2025,1,133690,TIGER 미국나스닥100,2025-01-31,2025-02-04,70,70
2025,1,139260,TIGER 200 IT,2025-01-31,2025-02-04,42,42
2025,1,139270,TIGER 200 금융,2025-01-31,2025-02-04,45,45
2025,1,166400,TIGER 200 커버드콜OTM,2025-01-31,2025-02-04,50,50
2025,1,182480,TIGER 미국MSCI리츠(합성 H),2025-01-31,2025-02-04,40,40
2025,1,210780,TIGER 코스피고배당,2025-01-31,2025-02-04,38,38
2025,1,245340,TIGER 미국다우존스30,2025-01-31,2025-02-04,16,16
2025,1,245350,TIGER 유로스탁스배당30,2025-01-31,2025-02-04,70,70
2025,1,269370,TIGER S&P글로벌인프라(합성),2025-01-31,2025-02-04,100,100
2025,1,277630,TIGER 코스피,2025-01-31,2025-02-04,61,61
2025,1,289480,TIGER 200 커버드콜,2025-01-31,2025-02-04,57,25
2025,1,292150,TIGER 코리아TOP10,2025-01-31,2025-02-04,40,40
2025,1,292160,TIGER KRX300,2025-01-31,2025-02-04,44,44
2025,1,329200,TIGER 리츠부동산인프라,2025-01-31,2025-02-04,8,8
2025,1,341850,TIGER 리츠부동산인프라채권,2025-01-31,2025-02-04,7,7
2025,1,360750,TIGER 미국S&P500,2025-01-31,2025-02-04,45,45
2025,1,376410,TIGER 탄소효율그린뉴딜,2025-01-31,2025-02-04,20,20
2025,1,381180,TIGER 미국필라델피아반도체나스닥,2025-01-31,2025-02-04,37,37
2025,1,404540,TIGER KRX기후변화솔루션,2025-01-31,2025-02-04,18,18
2025,1,423920,TIGER 미국필라델피아반도체레버리지(합성),2025-01-31,2025-02-04,49,49
2025,1,429000,TIGER 미국S&P500배당귀족,2025-01-31,2025-02-04,20,20
2025,1,440340,TIGER 글로벌멀티에셋TIF액티브,2025-01-31,2025-02-04,29,29
2025,1,441680,TIGER 미국나스닥100커버드콜(합성),2025-01-31,2025-02-04,117,117
2025,1,445910,TIGER MKF배당귀족,2025-01-31,2025-02-04,29,29
2025,1,453870,TIGER 인도니프티50,2025-01-31,2025-02-04,40,40
2025,1,458260,TIGER 미국투자등급회사채액티브(H),2025-01-31,2025-02-04,145,0
2025,1,458730,TIGER 미국배당다우존스,2025-01-31,2025-02-04,45,45
2025,1,458750,TIGER 미국배당다우존스타겟커버드콜1호,2025-01-15,2025-01-17,66,66
2025,1,458760,TIGER 미국배당다우존스타겟커버드콜2호,2025-01-31,2025-02-04,94,94
2025,1,465660,TIGER 일본반도체FACTSET,2025-01-31,2025-02-04,10,10
2025,1,465670,TIGER 미국캐시카우100,2025-01-31,2025-02-04,17,17
2025,1,466940,TIGER 은행고배당플러스TOP10,2025-01-31,2025-02-04,73,0
2025,1,472150,TIGER 배당커버드콜액티브,2025-01-31,2025-02-04,70,35
2025,1,474220,TIGER 미국테크TOP10타겟커버드콜,2025-01-15,2025-01-17,121,121
2025,1,476550,TIGER 미국30년국채커버드콜액티브(H),2025-01-31,2025-02-04,86,0
2025,1,476690,TIGER 글로벌비만치료제TOP2 Plus,2025-01-31,2025-02-04,12,0
2025,1,479730,TIGER 인도빌리언컨슈머,2025-01-31,2025-02-04,20,0
2025,1,480310,TIGER 글로벌온디바이스AI,2025-01-31,2025-02-04,11,11
2025,1,482730,TIGER 미국S&P500타겟데일리커버드콜,2025-01-31,2025-02-04,95,95
2025,1,486290,TIGER 미국나스닥100타겟데일리커버드콜,2025-01-31,2025-02-04,131,131
2025,1,488500,TIGER 미국S&P500동일가중,2025-01-31,2025-02-04,50,50
2025,1,491830,TIGER 미국AI반도체팹리스,2025-01-31,2025-02-04,14,14
2025,1,493810,TIGER 미국AI빅테크10타겟데일리커버드콜,2025-01-15,2025-01-17,141,141
2025,1,494840,TIGER 미국방산TOP10,2025-01-31,2025-02-04,20,0
2025,1,496080,TIGER 코리아밸류업,2025-01-31,2025-02-04,20,20
2025,1,497570,TIGER 미국필라델피아AI반도체나스닥,2025-01-31,2025-02-04,9,9
2025,1,499660,TIGER CD금리플러스액티브(합성),2025-01-31,2025-02-04,2405,2405
2024,12,0000D0,TIGER 엔비디아미국채커버드콜밸런스(합성),2024-12-30,2025-01-03,50,50
2024,12,114820,TIGER 국채3년,2024-12-09,2024-12-11,1246,1246
2024,12,117690,TIGER 차이나항셍30,2024-12-30,2025-01-03,500,500
2024,12,166400,TIGER 200 커버드콜OTM,2024-12-30,2025-01-03,48,48
2024,12,182480,TIGER 미국MSCI리츠(합성 H),2024-12-30,2025-01-03,40,40
2024,12,182490,TIGER 단기선진하이일드(합성 H),2024-12-30,2025-01-03,133,133
2024,12,192090,TIGER 차이나CSI300,2024-12-30,2025-01-03,80,80
2024,12,203780,TIGER 미국나스닥바이오,2024-12-30,2025-01-03,10,10
2024,12,237440,TIGER 경기방어채권혼합,2024-12-09,2024-12-11,89,89
2024,12,241180,TIGER 일본니케이225,2024-12-30,2025-01-03,200,200
2024,12,245340,TIGER 미국다우존스30,2024-12-30,2025-01-03,58,58
2024,12,245360,TIGER 차이나HSCEI,2024-12-30,2025-01-03,370,370
2024,12,289480,TIGER 200 커버드콜,2024-12-30,2025-01-03,56,0
2024,12,302190,TIGER 중장기국채,2024-12-30,2025-01-03,800,800
2024,12,329200,TIGER 리츠부동산인프라,2024-12-30,2025-01-03,15,15
2024,12,329750,TIGER 미국달러단기채권액티브,2024-12-30,2025-01-03,250,250
2024,12,341850,TIGER 리츠부동산인프라채권,2024-12-30,2025-01-03,10,10
2024,12,429000,TIGER 미국S&P500배당귀족,2024-12-30,2025-01-03,22,22
2024,12,435420,TIGER 미국나스닥100채권혼합50,2024-12-30,2025-01-03,82,82
2024,12,440340,TIGER 글로벌멀티에셋TIF액티브,2024-12-30,2025-01-03,40,40
2024,12,441680,TIGER 미국나스닥100커버드콜(합성),2024-12-30,2025-01-03,118,118
2024,12,447770,TIGER 테슬라채권혼합Fn,2024-12-30,2025-01-03,57,57
2024,12,458260,TIGER 미국투자등급회사채액티브(H),2024-12-30,2025-01-03,130,0
2024,12,458730,TIGER 미국배당다우존스,2024-12-30,2025-01-03,38,38
2024,12,458750,TIGER 미국배당다우존스타겟커버드콜1호,2024-12-13,2024-12-17,76,76
2024,12,458760,TIGER 미국배당다우존스타겟커버드콜2호,2024-12-30,2025-01-03,96,96
2024,12,465670,TIGER 미국캐시카우100,2024-12-30,2025-01-03,26,26
2024,12,466940,TIGER 은행고배당플러스TOP10,2024-12-30,2025-01-03,73,61
2024,12,472150,TIGER 배당커버드콜액티브,2024-12-30,2025-01-03,200,0
2024,12,472170,TIGER미국테크TOP10채권혼합,2024-12-30,2025-01-03,240,240
2024,12,474220,TIGER 미국테크TOP10타겟커버드콜,2024-12-13,2024-12-17,119,119
2024,12,476550,TIGER 미국30년국채커버드콜액티브(H),2024-12-30,2025-01-03,85,0
2024,12,476690,TIGER 글로벌비만치료제TOP2 Plus,2024-12-30,2025-01-03,15,0
2024,12,482730,TIGER 미국S&P500타겟데일리커버드콜,2024-12-30,2025-01-03,97,97
2024,12,486290,TIGER 미국나스닥100타겟데일리커버드콜,2024-12-30,2025-01-03,135,135
2024,12,493810,TIGER 미국AI빅테크10타겟데일리커버드콜,2024-12-13,2024-12-17,139,139
2024,12,499660,TIGER CD금리플러스액티브(합성),2024-12-30,2025-01-03,1283,1283
2024,11,166400,TIGER 200 커버드콜OTM,2024-11-29,2024-12-03,49,49
2024,11,182480,TIGER 미국MSCI리츠(합성 H),2024-11-29,2024-12-03,40,40
2024,11,245340,TIGER 미국다우존스30,2024-11-29,2024-12-03,35,35
2024,11,289480,TIGER 200 커버드콜,2024-11-29,2024-12-03,59,0
2024,11,329200,TIGER 리츠부동산인프라,2024-11-29,2024-12-03,10,10
2024,11,341850,TIGER 리츠부동산인프라채권,2024-11-29,2024-12-03,9,9
2024,11,429000,TIGER 미국S&P500배당귀족,2024-11-29,2024-12-03,25,25
2024,11,440340,TIGER 글로벌멀티에셋TIF액티브,2024-11-29,2024-12-03,29,29
2024,11,441680,TIGER 미국나스닥100커버드콜(합성),2024-11-29,2024-12-03,110,110
2024,11,458260,TIGER 미국투자등급회사채액티브(H),2024-11-29,2024-12-03,177,177
2024,11,458730,TIGER 미국배당다우존스,2024-11-29,2024-12-03,48,48
2024,11,458750,TIGER 미국배당다우존스타겟커버드콜1호,2024-11-15,2024-11-19,60,60
2024,11,458760,TIGER 미국배당다우존스타겟커버드콜2호,2024-11-29,2024-12-03,100,100
2024,11,465670,TIGER 미국캐시카우100,2024-11-29,2024-12-03,22,22
2024,11,466940,TIGER 은행고배당플러스TOP10,2024-11-29,2024-12-03,73,73
2024,11,472150,TIGER 배당커버드콜액티브,2024-11-29,2024-12-03,67,0
2024,11,474220,TIGER 미국테크TOP10타겟커버드콜,2024-11-15,2024-11-19,113,113
2024,11,476550,TIGER 미국30년국채커버드콜액티브(H),2024-11-29,2024-12-03,92,0
2024,11,476690,TIGER 글로벌비만치료제TOP2 Plus,2024-11-29,2024-12-03,12,0
2024,11,482730,TIGER 미국S&P500타겟데일리커버드콜,2024-11-29,2024-12-03,93,93
2024,11,486290,TIGER 미국나스닥100타겟데일리커버드콜,2024-11-29,2024-12-03,126,126
2024,11,493810,TIGER 미국AI빅테크10타겟데일리커버드콜,2024-11-15,2024-11-19,135,135
2024,10,091220,TIGER 은행,2024-10-31,2024-11-04,60,60
2024,10,091230,TIGER 반도체,2024-10-31,2024-11-04,20,10
2024,10,102110,TIGER 200,2024-10-31,2024-11-04,120,120
2024,10,105010,TIGER 라틴35,2024-10-31,2024-11-04,25,25
2024,10,133690,TIGER 미국나스닥100,2024-10-31,2024-11-04,180,180
2024,10,138520,TIGER 삼성그룹,2024-10-31,2024-11-04,10,10
2024,10,138530,TIGER LG그룹플러스,2024-10-31,2024-11-04,30,30
2024,10,138540,TIGER 현대차그룹플러스,2024-10-31,2024-11-04,80,80
2024,10,139240,TIGER 200 철강소재,2024-10-31,2024-11-04,40,40
2024,10,139250,TIGER 200 에너지화학,2024-10-31,2024-11-04,20,20
2024,10,139260,TIGER 200 IT,2024-10-31,2024-11-04,50,50
2024,10,139270,TIGER 200 금융,2024-10-31,2024-11-04,40,40
2024,10,139280,TIGER 경기방어,2024-10-31,2024-11-04,30,30
2024,10,139290,TIGER 200 경기소비재,2024-10-31,2024-11-04,40,40
2024,10,147970,TIGER 모멘텀,2024-10-31,2024-11-04,10,10
2024,10,166400,TIGER 200 커버드콜OTM,2024-10-31,2024-11-04,50,50
2024,10,174350,TIGER 로우볼,2024-10-31,2024-11-04,15,15
2024,10,182480,TIGER 미국MSCI리츠(합성 H),2024-10-31,2024-11-04,40,40
2024,10,210780,TIGER 코스피고배당,2024-10-31,2024-11-04,70,62
2024,10,227560,TIGER 200 생활소비재,2024-10-31,2024-11-04,20,11
2024,10,228820,TIGER KTOP30,2024-10-31,2024-11-04,25,25
2024,10,245340,TIGER 미국다우존스30,2024-10-31,2024-11-04,60,60
2024,10,245350,TIGER 유로스탁스배당30,2024-10-31,2024-11-04,70,70
2024,10,261140,TIGER 우선주,2024-10-31,2024-11-04,45,45
2024,10,269370,TIGER S&P글로벌인프라(합성),2024-10-31,2024-11-04,105,105
2024,10,277630,TIGER 코스피,2024-10-31,2024-11-04,70,70
2024,10,277640,TIGER 코스피대형주,2024-10-31,2024-11-04,15,15
2024,10,289250,TIGER MSCI KOREA ESG 유니버설,2024-10-31,2024-11-04,25,25
2024,10,289260,TIGER MSCI KOREA ESG 리더스,2024-10-31,2024-11-04,10,10
2024,10,289480,TIGER 200 커버드콜,2024-10-31,2024-11-04,60,18
2024,10,292150,TIGER 코리아TOP10,2024-10-31,2024-11-04,35,35
2024,10,292160,TIGER KRX300,2024-10-31,2024-11-04,50,50
2024,10,307520,TIGER 지주회사,2024-10-31,2024-11-04,30,30
2024,10,315270,TIGER 200 커뮤니케이션서비스,2024-10-31,2024-11-04,60,60
2024,10,329200,TIGER 리츠부동산인프라,2024-10-31,2024-11-04,29,29
2024,10,341850,TIGER 리츠부동산인프라채권,2024-10-31,2024-11-04,22,22
2024,10,360750,TIGER 미국S&P500,2024-10-31,2024-11-04,65,65
2024,10,376410,TIGER 탄소효율그린뉴딜,2024-10-31,2024-11-04,20,20
2024,10,381180,TIGER 미국필라델피아반도체나스닥,2024-10-31,2024-11-04,43,43
2024,10,396500,TIGER 반도체TOP10,2024-10-31,2024-11-04,10,10
2024,10,423920,TIGER 미국필라델피아반도체레버리지(합성),2024-10-31,2024-11-04,49,49
2024,10,429000,TIGER 미국S&P500배당귀족,2024-10-31,2024-11-04,22,22
2024,10,435420,TIGER 미국나스닥100채권혼합50,2024-10-31,2024-11-04,17,17
2024,10,440340,TIGER 글로벌멀티에셋TIF액티브,2024-10-31,2024-11-04,36,36
2024,10,441680,TIGER 미국나스닥100커버드콜(합성),2024-10-31,2024-11-04,109,109
2024,10,445910,TIGER MKF배당귀족,2024-10-31,2024-11-04,30,30
2024,10,447770,TIGER 테슬라채권혼합Fn,2024-10-31,2024-11-04,7,7
2024,10,453870,TIGER 인도니프티50,2024-10-31,2024-11-04,40,40
2024,10,458260,TIGER 미국투자등급회사채액티브(H),2024-10-31,2024-11-04,200,200
2024,10,458730,TIGER 미국배당다우존스,2024-10-31,2024-11-04,34,34
2024,10,458750,TIGER 미국배당다우존스타겟커버드콜1호,2024-10-15,2024-10-17,68,68
2024,10,458760,TIGER 미국배당다우존스타겟커버드콜2호,2024-10-31,2024-11-04,92,92
2024,10,465660,TIGER 일본반도체FACTSET,2024-10-31,2024-11-04,15,15
2024,10,465670,TIGER 미국캐시카우100,2024-10-31,2024-11-04,20,20
2024,10,466940,TIGER 은행고배당플러스TOP10,2024-10-31,2024-11-04,73,73
2024,10,472150,TIGER 배당커버드콜액티브,2024-10-31,2024-11-04,67,22
2024,10,474220,TIGER 미국테크TOP10타겟커버드콜,2024-10-15,2024-10-17,103,103
2024,10,476550,TIGER 미국30년국채커버드콜액티브(H),2024-10-31,2024-11-04,94,0
2024,10,476690,TIGER 글로벌비만치료제TOP2 Plus,2024-10-31,2024-11-04,12,12
2024,10,479730,TIGER 인도빌리언컨슈머,2024-10-31,2024-11-04,25,25
2024,10,480310,TIGER 글로벌온디바이스AI,2024-10-31,2024-11-04,50,50
2024,10,482730,TIGER 미국S&P500타겟데일리커버드콜,2024-10-31,2024-11-04,90,90
2024,10,486290,TIGER 미국나스닥100타겟데일리커버드콜,2024-10-31,2024-11-04,124,124
2024,10,488500,TIGER 미국S&P500동일가중,2024-10-31,2024-11-04,19,19
2024,9,114820,TIGER 국채3년,2024-09-09,2024-09-11,530,530
2024,9,166400,TIGER 200 커버드콜OTM,2024-09-30,2024-10-04,45,45
2024,9,182480,TIGER 미국MSCI리츠(합성 H),2024-09-30,2024-10-04,55,55
2024,9,245340,TIGER 미국다우존스30,2024-09-30,2024-10-04,45,45
2024,9,289480,TIGER 200 커버드콜,2024-09-30,2024-10-04,58,0
2024,9,329200,TIGER 리츠부동산인프라,2024-09-30,2024-10-04,45,45
2024,9,341850,TIGER 리츠부동산인프라채권,2024-09-30,2024-10-04,32,32
2024,9,429000,TIGER 미국S&P500배당귀족,2024-09-30,2024-10-04,22,22
2024,9,440340,TIGER 글로벌멀티에셋TIF액티브,2024-09-30,2024-10-04,28,28
2024,9,441680,TIGER 미국나스닥100커버드콜(합성),2024-09-30,2024-10-04,104,104
2024,9,458260,TIGER 미국투자등급회사채액티브(H),2024-09-30,2024-10-04,234,234
2024,9,458730,TIGER 미국배당다우존스,2024-09-30,2024-10-04,34,34
2024,9,458750,TIGER 미국배당다우존스타겟커버드콜1호,2024-09-13,2024-09-20,22,22
2024,9,458760,TIGER 미국배당다우존스타겟커버드콜2호,2024-09-30,2024-10-04,92,92
2024,9,465670,TIGER 미국캐시카우100,2024-09-30,2024-10-04,18,18
2024,9,466940,TIGER 은행고배당플러스TOP10,2024-09-30,2024-10-04,61,61
2024,9,472150,TIGER 배당커버드콜액티브,2024-09-30,2024-10-04,67,0
2024,9,474220,TIGER 미국테크TOP10타겟커버드콜,2024-09-13,2024-09-20,95,95
2024,9,476550,TIGER 미국30년국채커버드콜액티브(H),2024-09-30,2024-10-04,100,100
2024,9,476690,TIGER 글로벌비만치료제TOP2 Plus,2024-09-30,2024-10-04,15,15
2024,9,482730,TIGER 미국S&P500타겟데일리커버드콜,2024-09-30,2024-10-04,85,85
2024,9,486290,TIGER 미국나스닥100타겟데일리커버드콜,2024-09-30,2024-10-04,118,0
2024,8,166400,TIGER 200 커버드콜OTM,2024-08-30,2024-09-03,52,52
2024,8,182480,TIGER 미국MSCI리츠(합성 H),2024-08-30,2024-09-03,40,40
2024,8,245340,TIGER 미국다우존스30,2024-08-30,2024-09-03,36,36
2024,8,289480,TIGER 200 커버드콜,2024-08-30,2024-09-03,62,0
2024,8,329200,TIGER 리츠부동산인프라,2024-08-30,2024-09-03,32,32
2024,8,341850,TIGER 리츠부동산인프라채권,2024-08-30,2024-09-03,24,24
2024,8,429000,TIGER 미국S&P500배당귀족,2024-08-30,2024-09-03,20,20
2024,8,440340,TIGER 글로벌멀티에셋TIF액티브,2024-08-30,2024-09-03,31,31
2024,8,441680,TIGER 미국나스닥100커버드콜(합성),2024-08-30,2024-09-03,103,103
2024,8,458260,TIGER 미국투자등급회사채액티브(H),2024-08-30,2024-09-03,215,215
2024,8,458730,TIGER 미국배당다우존스,2024-08-30,2024-09-03,39,39
2024,8,458750,TIGER 미국배당다우존스타겟커버드콜1호,2024-08-30,2024-09-03,64,64
2024,8,458760,TIGER 미국배당다우존스타겟커버드콜2호,2024-08-30,2024-09-03,94,94
2024,8,465670,TIGER 미국캐시카우100,2024-08-30,2024-09-03,24,24
2024,8,466940,TIGER 은행고배당플러스TOP10,2024-08-30,2024-09-03,61,61
2024,8,472150,TIGER 배당커버드콜액티브,2024-08-30,2024-09-03,67,0
2024,8,474220,TIGER 미국테크TOP10타겟커버드콜,2024-08-14,2024-08-19,97,97
2024,8,476550,TIGER 미국30년국채커버드콜액티브(H),2024-08-30,2024-09-03,100,100
2024,8,476690,TIGER 글로벌비만치료제TOP2 Plus,2024-08-30,2024-09-03,20,20
2024,8,482730,TIGER 미국S&P500타겟데일리커버드콜,2024-08-30,2024-09-03,85,85
2024,8,486290,TIGER 미국나스닥100타겟데일리커버드콜,2024-08-30,2024-09-03,117,0
2024,7,091220,TIGER 은행,2024-07-31,2024-08-02,60,60
2024,7,102110,TIGER 200,2024-07-31,2024-08-02,150,150
2024,7,105010,TIGER 라틴35,2024-07-31,2024-08-02,30,0
2024,7,133690,TIGER 미국나스닥100,2024-07-31,2024-08-02,192,192
2024,7,139250,TIGER 200 에너지화학,2024-07-31,2024-08-02,25,25
2024,7,139260,TIGER 200 IT,2024-07-31,2024-08-02,45,45
2024,7,139270,TIGER 200 금융,2024-07-31,2024-08-02,25,25
2024,7,139280,TIGER 경기방어,2024-07-31,2024-08-02,25,25
2024,7,150460,TIGER 중국소비테마,2024-07-31,2024-08-02,20,0
2024,7,166400,TIGER 200 커버드콜OTM,2024-07-31,2024-08-02,37,37
2024,7,174350,TIGER 로우볼,2024-07-31,2024-08-02,15,15
2024,7,182480,TIGER 미국MSCI리츠(합성 H),2024-07-31,2024-08-02,50,50
2024,7,210780,TIGER 코스피고배당,2024-07-31,2024-08-02,60,60
2024,7,211560,TIGER 배당성장,2024-07-31,2024-08-02,105,105
2024,7,227560,TIGER 200 생활소비재,2024-07-31,2024-08-02,15,15
2024,7,228820,TIGER KTOP30,2024-07-31,2024-08-02,25,25
2024,7,245340,TIGER 미국다우존스30,2024-07-31,2024-08-02,25,25
2024,7,245350,TIGER 유로스탁스배당30,2024-07-31,2024-08-02,450,450
2024,7,252000,TIGER 200 동일가중,2024-07-31,2024-08-02,20,20
2024,7,261140,TIGER 우선주,2024-07-31,2024-08-02,65,65
2024,7,269370,TIGER S&P글로벌인프라(합성),2024-07-31,2024-08-02,250,250
2024,7,277630,TIGER 코스피,2024-07-31,2024-08-02,60,60
2024,7,277640,TIGER 코스피대형주,2024-07-31,2024-08-02,50,50
2024,7,289250,TIGER MSCI KOREA ESG 유니버설,2024-07-31,2024-08-02,20,20
2024,7,289480,TIGER 200 커버드콜,2024-07-31,2024-08-02,63,21
2024,7,292150,TIGER 코리아TOP10,2024-07-31,2024-08-02,25,25
2024,7,292160,TIGER KRX300,2024-07-31,2024-08-02,65,65
2024,7,307520,TIGER 지주회사,2024-07-31,2024-08-02,70,70
2024,7,315270,TIGER 200 커뮤니케이션서비스,2024-07-31,2024-08-02,30,30
2024,7,329200,TIGER 리츠부동산인프라,2024-07-31,2024-08-02,12,12
2024,7,341850,TIGER 리츠부동산인프라채권,2024-07-31,2024-08-02,9,9
2024,7,360750,TIGER 미국S&P500,2024-07-31,2024-08-02,63,63
2024,7,376410,TIGER 탄소효율그린뉴딜,2024-07-31,2024-08-02,20,20
2024,7,381180,TIGER 미국필라델피아반도체나스닥,2024-07-31,2024-08-02,50,50
2024,7,404540,TIGER KRX기후변화솔루션,2024-07-31,2024-08-02,25,25
2024,7,423920,TIGER 미국필라델피아반도체레버리지(합성),2024-07-31,2024-08-02,35,35
2024,7,429000,TIGER 미국S&P500배당귀족,2024-07-31,2024-08-02,20,20
2024,7,435420,TIGER 미국나스닥100채권혼합50,2024-07-31,2024-08-02,56,56
2024,7,440340,TIGER 글로벌멀티에셋TIF액티브,2024-07-31,2024-08-02,31,31
2024,7,441680,TIGER 미국나스닥100커버드콜(합성),2024-07-31,2024-08-02,104,104
2024,7,445910,TIGER MKF배당귀족,2024-07-31,2024-08-02,25,25
2024,7,447770,TIGER 테슬라채권혼합Fn,2024-07-31,2024-08-02,53,53
2024,7,453870,TIGER 인도니프티50,2024-07-31,2024-08-02,70,70
2024,7,458260,TIGER 미국투자등급회사채액티브(H),2024-07-31,2024-08-02,156,156
2024,7,458730,TIGER 미국배당다우존스,2024-07-31,2024-08-02,41,41
2024,7,458750,TIGER 미국배당다우존스타겟커버드콜1호,2024-07-31,2024-08-02,68,68
2024,7,458760,TIGER 미국배당다우존스타겟커버드콜2호,2024-07-31,2024-08-02,98,98
2024,7,465660,TIGER 일본반도체FACTSET,2024-07-31,2024-08-02,10,10
2024,7,465670,TIGER 미국캐시카우100,2024-07-31,2024-08-02,18,18
2024,7,466940,TIGER 은행고배당플러스TOP10,2024-07-31,2024-08-02,61,61
2024,7,472150,TIGER 배당커버드콜액티브,2024-07-31,2024-08-02,67,27
2024,7,474220,TIGER 미국테크TOP10타겟커버드콜,2024-07-15,2024-07-17,110,110
2024,7,476550,TIGER 미국30년국채커버드콜액티브(H),2024-07-31,2024-08-02,100,0
2024,7,476690,TIGER 글로벌비만치료제TOP2 Plus,2024-07-31,2024-08-02,12,12
2024,7,479730,TIGER 인도빌리언컨슈머,2024-07-31,2024-08-02,45,45
2024,7,482730,TIGER 미국S&P500타겟데일리커버드콜,2024-07-31,2024-08-02,91,91
2024,7,486290,TIGER 미국나스닥100타겟데일리커버드콜,2024-07-31,2024-08-02,120,0
2024,6,114820,TIGER 국채3년,2024-06-07,2024-06-11,1205,1205
2024,6,166400,TIGER 200 커버드콜OTM,2024-06-28,2024-07-02,34,34
2024,6,182480,TIGER 미국MSCI리츠(합성 H),2024-06-28,2024-07-02,50,50
2024,6,237440,TIGER 경기방어채권혼합,2024-06-07,2024-06-11,89,89
2024,6,245340,TIGER 미국다우존스30,2024-06-28,2024-07-02,55,55
2024,6,289480,TIGER 200 커버드콜,2024-06-28,2024-07-02,65,0
2024,6,329200,TIGER 리츠부동산인프라,2024-06-28,2024-07-02,41,41
2024,6,341850,TIGER 리츠부동산인프라채권,2024-06-28,2024-07-02,31,31
2024,6,429000,TIGER 미국S&P500배당귀족,2024-06-28,2024-07-02,23,23
2024,6,440340,TIGER 글로벌멀티에셋TIF액티브,2024-06-28,2024-07-02,30,30
2024,6,441680,TIGER 미국나스닥100커버드콜(합성),2024-06-28,2024-07-02,107,107
2024,6,458260,TIGER 미국투자등급회사채액티브(H),2024-06-28,2024-07-02,103,103
2024,6,458730,TIGER 미국배당다우존스,2024-06-28,2024-07-02,42,42
2024,6,458750,TIGER 미국배당다우존스타겟커버드콜1호,2024-06-28,2024-07-02,66,66
2024,6,458760,TIGER 미국배당다우존스타겟커버드콜2호,2024-06-28,2024-07-02,95,95
2024,6,465670,TIGER 미국캐시카우100,2024-06-28,2024-07-02,20,20
2024,6,466940,TIGER 은행고배당플러스TOP10,2024-06-28,2024-07-02,61,61
2024,6,472150,TIGER 배당커버드콜액티브,2024-06-28,2024-07-02,67,0
2024,6,474220,TIGER 미국테크TOP10타겟커버드콜,2024-06-14,2024-06-18,102,102
2024,6,476550,TIGER 미국30년국채커버드콜액티브(H),2024-06-28,2024-07-02,100,50
2024,6,476690,TIGER 글로벌비만치료제TOP2 Plus,2024-06-28,2024-07-02,15,15
2024,6,482730,TIGER 미국S&P500타겟데일리커버드콜,2024-06-28,2024-07-02,95,95
